"id","name","timestamp","day_of_call","hour_of_day","wait_time","issue_categories","resolution_status"
"b2c1fe31-250c-46bb-b962-bb7dfcfcfb90","Anthony Malone","2026-02-18 13:30:18.185561","Wednesday",13,41,"Service",1
"89f8e600-cc13-4fc5-8386-128ee55b2c40","Linda Curtis","2026-02-11 02:31:59.081993","Wednesday",2,10,"Technical",1
"4ebfa8b8-fa48-4787-819e-8ac9976346c6","Mr. Thomas Thomas","2026-01-02 03:24:39.835186","Friday",3,17,"Billing",1
"2e3b5196-ae64-4310-88c5-d9a199915a3e","Jack Taylor","2026-01-18 01:24:38.520171","Sunday",1,14,"Technical",0
"c80907b7-558d-499c-ba4f-c01cdb363bdc","Jennifer Thompson","2026-05-13 22:30:18.958121","Wednesday",22,7,"Technical",0
"86c6a964-17d4-46e8-85d2-6e0f5317730d","Kelly Mejia","2026-03-07 12:37:01.535532","Saturday",12,15,"Service",1
"576f4442-9238-44d8-9069-3cefcc4aaf7b","Christopher Perry","2026-04-30 11:07:43.366331","Thursday",11,34,"Billing",1
"a3638f21-299e-4542-bf94-4e3f794b1188","Joseph Smith","2026-03-26 17:45:50.997187","Thursday",17,11,"Account",0
"9aef98fb-83ae-43db-922a-a71efc7bed53","Bradley Kane","2026-04-16 11:28:37.071681","Thursday",11,42,"Technical",0
"ecf85e5a-fca6-47f7-adb7-646af2652418","Melissa Griffin","2026-01-22 09:16:44.805272","Thursday",9,13,"Account",1
"41ed56f5-1961-42ca-812f-cf678af556dc","Ryan Patrick","2026-03-14 01:52:07.683655","Saturday",1,13,"Billing",0
"219a5de5-fe1b-45a6-b3b5-632e537c9afe","Tiffany Molina","2026-01-07 16:57:34.277756","Wednesday",16,15,"Technical",1
"5170f452-1afe-4cf3-96fc-5651e9bb82be","David Mccoy","2026-04-19 22:18:05.549497","Sunday",22,6,"Billing",0
"61d31d3f-d7f0-40e9-81fc-b6aeda143124","Lauren Bradley","2026-03-29 14:25:11.073381","Sunday",14,25,"Billing",0
"72698f3b-f632-43e5-aa30-e98fb93cc24d","Olivia Olson","2026-05-03 08:47:43.101922","Sunday",8,5,"Account",0
"1440051a-7d57-42f2-bded-2a6a2d3777c9","Jennifer Bridges","2026-02-08 10:10:22.135296","Sunday",10,33,"Technical",0
"b0c28add-c31e-4f44-9412-3fad879c18c0","Katherine Donaldson","2026-05-01 21:21:12.718082","Friday",21,17,"Service",0
"4b1b1934-3d32-4a25-b659-e91a4b20a66f","Donald Berry","2026-04-10 19:57:06.974742","Friday",19,18,"Technical",0
"681ad7e7-6bde-46b2-87d0-2b6997fe870c","David Miller","2026-01-25 23:50:35.665039","Sunday",23,8,"Technical",1
"1a0d0035-c2ac-498e-aaf8-1da4a365b4a8","Christian Li","2026-03-03 02:36:40.149167","Tuesday",2,12,"Account",1
"65006cd1-9397-42a9-9167-04ded31eb248","Arthur Daniel","2026-03-19 10:44:41.129274","Thursday",10,23,"Billing",1
"7df4e4d4-4268-41ac-8ab2-e86c5e4a68ce","Jacob Thompson","2026-03-25 13:23:27.167663","Wednesday",13,38,"Billing",0
"e1fd506b-5137-4223-9daf-c9702bfbd5b8","Gregory Carter","2026-01-25 10:55:35.228014","Sunday",10,31,"Service",0
"2d7bcdfc-e49a-4ece-866b-bd5943bdf76c","John Wallace","2026-02-13 07:45:13.541041","Friday",7,18,"Billing",1
"c2ed0c3a-142c-47c5-af74-7d8dbb5aef25","Robert Smith","2026-04-19 07:44:53.360704","Sunday",7,10,"Account",1
"494c04d8-07f9-4975-b7a3-078b4fc71ee0","Maria Warren","2026-02-19 15:14:55.655713","Thursday",15,10,"Technical",0
"879f73c3-29ff-41b6-925f-0f769b04b0d8","Robert Anderson","2026-03-31 01:06:52.359529","Tuesday",1,9,"Service",0
"e8a46f05-2b17-4465-adf5-d20c74e9e3f7","Lisa Rhodes","2026-04-10 05:55:06.033440","Friday",5,11,"Service",1
"2050b9ad-42a2-4382-ba6e-ac5dd1820f83","Ryan Smith","2026-05-14 12:25:53.113257","Thursday",12,26,"Account",0
"e48dd72c-7cd5-4adb-a7d0-8eef15de177f","Cynthia Foster","2026-03-12 12:58:17.072302","Thursday",12,19,"Service",0
"bc479516-a012-4438-852a-937f2151fee6","Audrey Shelton","2026-05-13 14:29:04.882092","Wednesday",14,11,"Account",1
"88a0bc93-d027-4a59-a156-a7731992ffee","Gina Williamson","2026-01-16 09:34:47.933813","Friday",9,54,"Technical",1
"ccb5a988-c7e1-4082-b5f1-ad852607c0ec","Regina Odom","2026-01-31 07:18:22.684364","Saturday",7,2,"Technical",1
"2537135a-942b-4c36-87bc-aab42a00a82d","Victoria Ramsey","2026-01-20 22:36:00.769367","Tuesday",22,3,"Technical",0
"52b069e5-b008-4ded-9c31-1f812a2056c9","Kaylee Ball MD","2026-02-08 09:31:30.733231","Sunday",9,22,"Billing",0
"1adbf1c8-ceb2-489f-b57b-c5325c38b7a3","Jeffrey Nelson","2026-01-14 20:54:43.339861","Wednesday",20,3,"Account",0
"36d89b54-40b5-4710-b7aa-532d2eb9f920","Lisa Hunter","2026-03-15 15:50:58.886113","Sunday",15,37,"Account",1
"8f288001-c5ce-4b89-ab9d-cb5970f3d504","Samuel Sanchez","2026-04-28 17:24:47.474370","Tuesday",17,2,"Account",1
"1a2d1e07-227c-4ce7-8403-5fca2377ecae","John Lyons","2026-01-01 01:08:35.136626","Thursday",1,4,"Account",0
"bc9c719e-f524-4c08-9330-ba575712ce55","Robert Hooper","2026-04-26 00:16:21.708130","Sunday",0,3,"Service",0
"c7f91cf8-2a9c-4acc-b671-98ab6974af61","Ann Berry","2026-01-13 08:10:39.165462","Tuesday",8,8,"Billing",1
"618f024f-1fb3-400f-860e-1cca51fbd5b3","Brianna Kelly","2026-02-27 11:18:38.680866","Friday",11,25,"Service",1
"c0b8d62d-55ca-4a31-af90-1f7d21883fe0","Miguel Wood","2026-02-14 16:43:09.197090","Saturday",16,31,"Service",0
"182a4b51-5108-4c43-8593-567e79af914f","Edward Taylor","2026-03-21 21:01:20.249037","Saturday",21,8,"Billing",1
"875ae398-67d1-48bc-8b35-7b3cf50e8c32","Lisa Wilson","2026-01-12 08:42:05.775242","Monday",8,14,"Technical",1
"9e53d3b9-b4e0-4328-b484-a2449ff9af7e","John Martinez","2026-04-18 17:12:22.231460","Saturday",17,8,"Account",0
"76f54e92-4218-4b89-9ba0-01808e7ec925","Laura Smith","2026-01-10 23:09:58.415402","Saturday",23,2,"Technical",0
"a2765fa9-a40b-47d2-ab1b-21698ef3de56","Chris Garcia","2026-04-10 08:42:54.752489","Friday",8,21,"Billing",0
"0da22ad9-f149-4764-ab1d-4ec68551d10a","Rebecca Mitchell","2026-03-11 22:49:10.866386","Wednesday",22,5,"Account",1
"e96525f4-1fa3-4db3-bf2c-16a264b7b602","Bradley Morris","2026-02-23 17:47:39.539676","Monday",17,19,"Service",0
"5196b225-e6e4-4b65-87bb-39a94ad5c361","Michael Miller","2026-02-05 14:25:36.334666","Thursday",14,44,"Account",1
"960b0257-5496-4ac7-9111-0284a36f054a","Heidi Watson","2026-04-08 07:15:02.521567","Wednesday",7,14,"Service",1
"759416a6-8745-4c60-a964-17d45461190f","Bobby Ortiz","2026-01-22 23:30:42.862995","Thursday",23,2,"Service",0
"4cbcaee1-4dd7-4392-b456-9ba09edb5c97","Craig Hart","2026-02-27 14:32:23.724116","Friday",14,46,"Billing",0
"968968f9-2695-4d37-b631-da900b151805","Brian Wagner","2026-03-11 11:58:38.060495","Wednesday",11,45,"Service",1
"9f2f186a-fc61-4c57-999b-c8ca4cb611af","Gregory Colon","2026-04-08 22:56:10.676251","Wednesday",22,2,"Account",0
"02c8680f-6d3e-4532-bfa7-89a033b41ac9","Andrew Holden","2026-02-01 14:32:15.622610","Sunday",14,10,"Account",0
"d8b3d252-14e2-4d43-a1de-ef970de73c99","Amy Garcia","2026-02-12 09:53:49.599653","Thursday",9,21,"Technical",1
"0117def1-9806-4d63-90fc-303830acab75","Chris Cox","2026-04-23 16:59:34.868876","Thursday",16,20,"Billing",1
"2a6be797-5402-4d90-a547-7fae78d3c1f6","Wendy Taylor","2026-01-06 04:35:58.792510","Tuesday",4,3,"Billing",0
"28c67813-f100-4943-889b-68e9dbd3e49d","Robert Ramsey","2026-02-03 22:43:03.005756","Tuesday",22,11,"Account",0
"3afc9a67-7189-467c-9df1-1c0b476a8bb8","Michael Bowman","2026-04-19 02:54:33.558930","Sunday",2,8,"Service",0
"f9f810d7-5b1a-4ce5-af75-8de27704c81c","Tyrone Lloyd","2026-01-15 21:35:31.219099","Thursday",21,7,"Service",0
"58ffc2e0-6498-411b-a834-d25f7b081d32","Dr. Kimberly Pennington","2026-04-04 20:19:06.099130","Saturday",20,13,"Account",1
"6243a41d-1548-4dd1-a970-ee6e94880e45","Tiffany Young","2026-04-23 09:23:44.823346","Thursday",9,36,"Service",1
"caf67a61-e939-4ef2-a134-cb640cc71044","Kristen Oconnor","2026-04-21 07:17:17.781887","Tuesday",7,2,"Service",0
"9b7e8cf8-9713-495b-b947-24e947a1bcc2","Jessica Cruz","2026-03-18 06:29:03.805042","Wednesday",6,13,"Technical",1
"afcee6cf-3896-420c-b6d7-b066eccb8b47","Joshua Giles","2026-01-17 04:25:22.859633","Saturday",4,15,"Technical",1
"41e492d0-1b6f-4864-afde-050746cfce24","Ryan Hall","2026-01-16 21:04:54.583510","Friday",21,27,"Account",1
"396c29b8-8ee6-4790-856d-8b5ebc6c9777","Lydia Johnson","2026-05-12 08:04:21.055645","Tuesday",8,5,"Service",1
"2daf5c68-8e52-4c8b-bbba-0784710c3c13","James Hansen","2026-04-18 13:14:42.196151","Saturday",13,23,"Service",0
"98aa70c1-94c8-462c-a2e1-5d04c894091d","Seth Collins","2026-05-06 08:25:56.740486","Wednesday",8,7,"Technical",0
"c5d5572e-a219-4405-bb66-b4d9ff8fce69","Richard Stanton","2026-01-27 14:30:06.661569","Tuesday",14,28,"Billing",1
"affcf87b-d209-452f-912d-b907bbc029c7","Megan Gaines","2026-03-30 07:03:04.895741","Monday",7,17,"Billing",0
"5f80f7a9-bb4f-4924-b021-45a03035709e","Kimberly Hernandez","2026-04-10 04:00:43.093845","Friday",4,23,"Service",1
"d3877d37-b0ef-475f-8136-778f38d4af13","Billy Logan","2026-01-05 12:59:22.907932","Monday",12,21,"Service",1
"4ce9802e-9670-42b2-83bf-970db38bc438","Michael Gomez","2026-03-16 00:13:01.288533","Monday",0,22,"Service",0
"0df5395f-71bc-4aae-9ebd-1b86fbbae291","Wendy Glass","2026-01-27 04:53:30.678195","Tuesday",4,13,"Technical",0
"7dc2be18-6d93-45aa-a3f8-da9d445257e9","Christopher Park","2026-02-08 20:59:23.067995","Sunday",20,5,"Billing",0
"989d3981-1515-4725-863c-7e1cf74509b3","Nancy Salazar","2026-03-25 09:24:24.212861","Wednesday",9,10,"Service",1
"4227a96f-2664-43bc-ae83-d36509c83837","Emily Bowman","2026-02-07 12:58:48.509155","Saturday",12,43,"Account",0
"4aadfd88-7396-4aa9-9c98-3631b7144851","Michael Palmer","2026-03-20 04:10:11.901119","Friday",4,18,"Service",1
"90bec78a-a023-47c2-967c-034321694261","Lauren Stephens","2026-05-05 00:07:10.737248","Tuesday",0,2,"Technical",1
"ac98f231-0f83-45d7-9b0d-d26df5165dc5","Michael Schneider","2026-04-08 16:15:53.739291","Wednesday",16,20,"Billing",0
"d7353d0e-16a5-4c75-8b18-c46e5708e73e","Kaitlyn Lynch","2026-05-06 16:11:06.624577","Wednesday",16,14,"Technical",1
"f4833e73-9763-4117-9faa-423ccd069047","Angela Thompson","2026-02-04 17:09:29.878576","Wednesday",17,6,"Billing",1
"dc73b87c-a7a2-4785-98a1-d1bd10649859","Joan Allen","2026-02-20 06:43:59.096321","Friday",6,13,"Technical",1
"433586cf-ad09-40b6-97e2-1a0cbdd142f2","Lauren Flores","2026-01-22 15:53:22.704911","Thursday",15,22,"Billing",1
"5831972d-eb5c-488d-90c3-e0995051ede0","Emily Contreras","2026-01-01 22:17:39.124675","Thursday",22,8,"Billing",0
"7c513530-ba83-4159-8ce3-068c4b6e2a94","Rachel Williams","2026-04-24 02:00:24.608718","Friday",2,16,"Account",1
"4af6dda3-30b8-4b7d-9616-f5be7ec4e74b","Michael Morgan","2026-04-19 20:27:58.889762","Sunday",20,4,"Billing",1
"6cb0920d-f735-4867-a5a8-59091e895bf7","Christy Kelley","2026-04-13 15:45:06.664564","Monday",15,52,"Service",1
"d590dddc-a174-44dc-8360-928d499a5829","Natalie Lee","2026-04-23 13:05:39.718459","Thursday",13,13,"Billing",0
"08f471dc-4113-4d07-a317-dc80fdfa3789","Brian Gamble","2026-01-17 05:08:35.113217","Saturday",5,3,"Billing",0
"1fc7c66b-5855-4ca4-b536-fb5d019df12d","John Ortiz","2026-05-03 03:42:30.625895","Sunday",3,9,"Technical",0
"6c752b30-a242-4ed1-938c-1050376cd854","Jennifer Evans","2026-04-10 01:55:05.734850","Friday",1,14,"Service",0
"1c60348d-46b7-4515-9aba-a0f6ac7ea2d8","Cassandra Adams","2026-05-09 05:36:29.935944","Saturday",5,12,"Service",1
"8ef8a2bb-dee6-4191-8ec3-4f09e178196b","Scott Sweeney","2026-01-25 16:23:28.803191","Sunday",16,33,"Service",1
"447537df-e113-4aa1-aa45-b3d7dd0fa887","Robert Hall DVM","2026-01-25 22:05:21.322097","Sunday",22,6,"Service",1
"595294c5-20ba-4321-87d3-402c2a7d749d","Jennifer Roberts","2026-04-29 04:37:22.300102","Wednesday",4,14,"Technical",1
"176e065c-2c3d-4441-83dc-3cf0b0313c5b","Lindsey Orr","2026-01-03 01:55:19.876486","Saturday",1,15,"Service",1
"78f9eb12-56ed-449b-94bf-ff0d4b2b04fe","Allison Duncan","2026-01-27 21:56:02.073914","Tuesday",21,9,"Billing",0
"3a8b4c3c-02dd-433d-ac4a-0d60332d8fe0","Jason Diaz","2026-05-11 14:22:46.013714","Monday",14,29,"Technical",0
"d8a1b7ca-b1c6-41bf-9ce3-7313d6da3c75","Justin Gould","2026-03-31 10:50:52.983148","Tuesday",10,16,"Service",0
"6d14add1-482e-4d71-8c34-1b1d0fbc19d7","Lori Perez","2026-04-19 16:41:29.593829","Sunday",16,15,"Technical",1
"5ee8f4ca-8bb3-4760-a4a9-c2bcfd51f7b8","Faith Warren","2026-02-21 17:13:12.792040","Saturday",17,7,"Technical",0
"097a9788-e163-4c96-a5f9-1cfb51fd44e5","Kim Ferguson","2026-04-28 01:51:47.781769","Tuesday",1,4,"Service",0
"70295856-cd69-4207-91c4-4314735c15bb","Michael Miller","2026-01-13 15:24:08.069806","Tuesday",15,14,"Account",1
"4b2fa73e-136d-45cf-9a9b-75d5159cb10e","Jesse Perez","2026-05-06 19:12:41.993969","Wednesday",19,9,"Account",1
"ba0fe03e-7485-4a88-b003-53b56aa5c7b2","Stacy Henry","2026-01-20 00:31:26.304953","Tuesday",0,15,"Service",0
"df362751-17d9-4162-9e0a-771f073de533","Angela Shaw","2026-04-14 18:03:42.525344","Tuesday",18,10,"Account",1
"dab4f3dc-91a4-4942-b7d6-9e6e6ea2b1a8","Kevin Kelly","2026-01-03 06:11:26.477305","Saturday",6,9,"Account",0
"4f56457c-36e2-409f-9349-a32507dbdc96","Jennifer Wade","2026-05-01 19:15:03.082250","Friday",19,22,"Service",0
"e964630b-df09-4dd0-8dd5-19c4da6e8aa2","Robin Torres","2026-01-19 20:47:42.596185","Monday",20,17,"Technical",1
"ddd48bd0-3146-4b61-8540-b82022e8326f","Kristopher Wilson","2026-03-20 04:45:41.466974","Friday",4,13,"Billing",1
"eade1395-a699-4915-b488-4a0d92d4eef5","Courtney Castillo PhD","2026-04-07 18:23:05.754270","Tuesday",18,15,"Service",1
"d8e55339-db78-46f2-b0fe-5e001f20b6be","Joanna Callahan","2026-01-01 02:44:45.790123","Thursday",2,9,"Billing",0
"122be8b0-6567-4633-baf9-dede19440c77","Jamie Walsh","2026-01-22 08:22:00.629433","Thursday",8,2,"Service",1
"d57a7890-bc0e-4bcb-8ed1-70e20e552b9a","Jeremiah Best DVM","2026-03-21 17:07:32.792915","Saturday",17,14,"Technical",0
"02465156-93b1-4959-8700-dd09fe9024bf","Jessica Ferguson","2026-05-04 16:26:12.721568","Monday",16,26,"Account",1
"8137cdda-3e83-4b29-8826-36a95f62fd2d","Michael Barnett","2026-01-26 03:08:23.401253","Monday",3,14,"Service",0
"5e9b5735-3883-4d39-8833-e2bb078c8d9e","Kathleen Nelson","2026-03-12 20:54:57.296885","Thursday",20,5,"Account",0
"3bb4bb70-ffbf-44c8-a0de-7afd3552cc36","Anna Cochran","2026-02-14 14:01:34.138692","Saturday",14,39,"Technical",1
"78e6c145-fdd3-46bd-8e29-0995394cf49b","Joseph Cannon","2026-03-02 18:32:11.931917","Monday",18,18,"Technical",1
"c389e1e6-9cbf-4787-9b24-e630738878be","Cassandra Rose","2026-03-12 06:27:53.526986","Thursday",6,9,"Service",1
"dd1fb1f0-9a7d-4ae4-9fc7-5be706fdc791","Jennifer Richards","2026-04-15 20:23:52.725915","Wednesday",20,12,"Service",0
"c9962729-a38b-48f6-bb37-94785a893eb9","Matthew Garcia","2026-02-24 06:20:50.517147","Tuesday",6,8,"Service",0
"d99dc92a-4545-4b6c-b67c-894086f0d8d2","Robin Garcia","2026-03-06 09:11:12.306918","Friday",9,31,"Account",1
"4b162dc9-48b2-4f2a-9976-6d501359f0dd","Laura King","2026-02-12 15:18:53.283991","Thursday",15,24,"Technical",1
"99155d0e-2cf3-42e0-b711-af43be81d38c","Tamara Smith","2026-03-31 20:21:34.879561","Tuesday",20,5,"Service",1
"ffe80c13-0cce-47f4-a383-2078488326fe","David Byrd","2026-03-05 02:51:42.505794","Thursday",2,8,"Account",0
"8d28b5ee-6e2e-4826-8fe5-359167777f91","Ashley Lynch","2026-05-10 16:21:43.541763","Sunday",16,32,"Service",1
"f3c222c9-9903-4064-a830-66d1cc20dfe3","Brandon Callahan","2026-02-28 20:29:18.120201","Saturday",20,10,"Billing",0
"25afb9f5-03c3-46a2-a43d-6b75e9797afa","Amber Jones","2026-01-01 01:33:24.450576","Thursday",1,12,"Service",1
"5bee702d-60c6-4b53-9514-cd683c0f483c","Nicole Hickman","2026-04-16 13:33:05.143945","Thursday",13,33,"Technical",0
"7eb51be5-a3d4-437e-9f03-aebeb458c707","Kelly Mcdonald","2026-01-21 08:49:41.060291","Wednesday",8,14,"Account",0
"ae1bee0e-89f9-43bd-9db8-2a4fd7558738","Anna Wilson","2026-01-15 03:15:28.061512","Thursday",3,6,"Service",1
"9a4a1826-340c-453a-b307-613832d7844a","Michael Thompson","2026-01-22 06:50:01.227972","Thursday",6,13,"Billing",0
"ff1d0243-3453-4b53-b905-8a38a09c731c","Nicholas Jackson","2026-03-23 23:22:44.508796","Monday",23,18,"Service",1
"f647f40a-3683-4726-a6c2-2806a5edcf0c","David Buchanan","2026-01-10 23:57:18.452343","Saturday",23,9,"Technical",0
"63d331bb-a0d2-4e7c-bbbf-0b3fa52f8ae5","Terri Elliott","2026-04-06 12:37:55.530756","Monday",12,33,"Account",1
"6be5349c-a51f-4c60-a93f-194acede2860","Kenneth Garner","2026-04-09 13:05:43.327132","Thursday",13,18,"Technical",1
"bfc9e463-3c6a-4f18-937c-a0f7de20401c","Walter Lopez","2026-03-18 04:19:55.455183","Wednesday",4,8,"Account",0
"b70735e3-7630-4167-9261-ed872ee49b9e","Bailey Orozco","2026-03-21 14:06:51.977912","Saturday",14,44,"Account",1
"4475d6fc-f541-4603-b6ec-60efa24c9538","Christine Olson","2026-01-29 16:00:53.962906","Thursday",16,15,"Technical",1
"1a92f3da-6a62-4a1c-9ac7-739d7cbe21c2","Alexandra Smith","2026-03-26 00:11:42.461766","Thursday",0,10,"Account",0
"f855ad9d-11f5-4eed-a710-119bc031e8b1","Benjamin Turner","2026-03-07 06:29:52.147745","Saturday",6,5,"Service",0
"30538fc8-0047-4369-aeca-53d448c90338","David Taylor","2026-04-20 00:48:27.565044","Monday",0,22,"Billing",0
"b3dc7040-00ac-4992-9c90-4796166176f9","Jessica Rogers","2026-03-25 08:33:57.358699","Wednesday",8,7,"Service",1
"57e4dedc-f43e-4540-899f-329560f221e6","Corey Lowe","2026-02-28 12:45:03.991273","Saturday",12,40,"Billing",1
"000615a2-7adb-4414-a781-d49afbed4ca4","Kari Chen","2026-05-02 06:23:04.920696","Saturday",6,7,"Billing",0
"2415769f-ac0f-41fc-8218-f72821c8b10f","Sherry Carpenter","2026-03-20 19:17:17.828221","Friday",19,20,"Account",1
"8374e33e-56bd-4b36-ad25-3f9d928ec75d","Melissa Lara","2026-05-02 13:55:30.791200","Saturday",13,20,"Account",0
"4da4541e-8058-4c9a-bdaa-b950cdf69bfd","Rachel Brown","2026-01-10 12:03:52.777669","Saturday",12,11,"Account",1
"bf60dbb2-942d-4c85-94a6-b20da2c72f5e","Jonathan Ferguson","2026-01-30 11:47:03.256240","Friday",11,33,"Service",1
"49a90d2a-7d5e-4639-a07e-2ac120313934","Stephen Ramos","2026-01-29 15:15:10.914302","Thursday",15,10,"Technical",0
"f046ecc4-4239-45b6-9fb8-30c6015b52bd","Theresa Myers","2026-02-10 04:38:43.407490","Tuesday",4,10,"Technical",1
"f28d616c-56fb-4b67-8a4d-fa4f6c12573c","Alexander Martinez","2026-01-04 18:54:51.640965","Sunday",18,11,"Billing",0
"17a7b5fa-7b26-4f66-b523-ca7da7df2998","Amanda Ingram","2026-04-08 22:28:38.626920","Wednesday",22,15,"Service",0
"e3d52e89-9cc6-4672-bb4e-ef1efcddaa3b","Darrell Thompson","2026-01-30 11:50:54.846578","Friday",11,29,"Service",0
"3c4db380-d927-40a8-82c7-6e230f878f66","Manuel Tran","2026-02-11 00:39:41.493047","Wednesday",0,15,"Technical",1
"484356cf-1c79-4d13-b69c-7a556c3e51ce","Jason Hammond","2026-04-26 19:10:07.814107","Sunday",19,3,"Service",0
"eec99542-06e8-4c0b-bb33-4033434ea44c","Erika Green","2026-04-26 00:50:18.138086","Sunday",0,7,"Account",0
"f8e542fe-c07d-4b9e-b847-003e9d38cf00","Jacob Williams","2026-02-21 17:05:31.131288","Saturday",17,8,"Account",1
"696d65fb-c2cf-46ef-abdd-9900ca47c4e5","Michaela Smith","2026-01-28 12:21:13.113863","Wednesday",12,38,"Billing",1
"c2891d64-804e-4323-b4bd-7ddd0991ad4b","Tara Davidson","2026-01-29 20:58:03.982883","Thursday",20,13,"Billing",0
"4a7359aa-b331-4c5d-bcad-58240068fd66","Carol Jones","2026-05-07 08:28:23.341995","Thursday",8,9,"Technical",0
"5a5ba810-fa3b-4233-9bd6-833af57c4d63","Lee Riley","2026-02-05 04:18:40.414640","Thursday",4,3,"Service",0
"8ba932dc-5fd3-4447-99c4-eac4f66a0aa1","Robert Andrade","2026-03-22 08:29:32.583115","Sunday",8,14,"Billing",0
"46bd0cf0-a56a-41bd-acd6-579b8efdf111","Angela Alexander","2026-04-26 09:43:04.201961","Sunday",9,24,"Technical",1
"cd0c2e1e-fb2a-4c32-822a-44a4acd16eb4","Bethany Palmer","2026-01-01 22:37:06.924247","Thursday",22,13,"Billing",0
"42761f05-c731-4e45-82cd-68f9de28a833","David Vega","2026-02-17 02:21:29.203912","Tuesday",2,3,"Account",1
"9bbf81e0-5d7f-466a-86b1-6f24529e7584","Stephanie Stewart","2026-03-12 14:05:59.116694","Thursday",14,29,"Service",1
"d128fe68-94d1-45d7-855f-185cfa6a5c25","Holly Henderson","2026-05-09 04:06:15.529083","Saturday",4,4,"Account",1
"924cb59c-ec7e-4bd1-b04a-b12fcef91085","Arthur Nelson","2026-02-20 22:04:45.515334","Friday",22,27,"Service",0
"36a82270-678a-4b89-907a-75821cf380db","Jason Arnold","2026-04-12 06:28:58.183631","Sunday",6,8,"Account",1
"9734b0a6-e770-4d91-a0b3-13e807cbb512","Samuel Turner","2026-01-30 23:16:08.274434","Friday",23,22,"Technical",1
"e2b1a3e8-eeed-4533-89c9-4469501f70b9","Jose Alvarado","2026-03-11 20:28:55.421675","Wednesday",20,7,"Account",0
"3c5b6267-2997-47bf-93b6-88a402c5f42f","Sandra Smith","2026-02-26 00:33:22.235810","Thursday",0,3,"Technical",1
"dff157f8-65a0-4b1d-960d-7675eb23f6bc","Sheri Cannon","2026-01-30 05:30:44.395832","Friday",5,23,"Technical",1
"c4ead5e0-b8d4-4125-a974-1a1ac33bdeb3","Kimberly Davis","2026-05-13 12:42:06.029642","Wednesday",12,42,"Service",0
"06c29e85-d501-46d5-8a91-73b2defa91c2","Spencer Giles","2026-05-11 18:53:06.222273","Monday",18,21,"Technical",1
"5a5fc92b-9aa6-4e93-bf4c-f2b8f338b2ad","Desiree Adams","2026-04-03 03:29:22.161621","Friday",3,20,"Billing",0
"47678897-c377-4866-8b71-5416c6b0f426","Christopher Glenn","2026-03-16 09:48:57.082590","Monday",9,26,"Billing",1
"1ebd9e0e-9369-4f09-886e-0339f20db216","Leah Lewis","2026-04-25 10:03:18.304234","Saturday",10,44,"Service",1
"b3516c83-fcee-4c8b-98a3-8c5934eff789","Tracy Wagner","2026-01-30 10:24:34.994074","Friday",10,36,"Billing",0
"6acc9d7f-6641-41fd-9f17-7700a87ffa86","Michael Wilson","2026-03-16 11:33:50.391787","Monday",11,22,"Account",1
"9a54e75e-bcf3-4d2e-a17b-16e8ae3db34c","Andrea Walker","2026-04-11 05:56:55.975331","Saturday",5,5,"Billing",1
"3befba06-0ca7-49fb-ad59-86d90f1011ba","John Jensen","2026-05-08 14:40:04.264834","Friday",14,56,"Technical",1
"f080c177-3301-468e-b202-b62422806b7b","Jared Hines","2026-02-10 23:09:24.462038","Tuesday",23,6,"Billing",1
"6b7ded69-85c3-412a-9bd9-f39c02ec5bc4","Kathryn Mullins MD","2026-04-11 22:35:03.198522","Saturday",22,15,"Account",0
"9b82d172-3f4a-4d75-aa7f-aa9cd74232d2","Jose Rodgers","2026-04-28 05:32:00.503556","Tuesday",5,5,"Service",1
"eff58531-c503-4cab-9e4c-6769aa85d0ad","Randall Rangel","2026-03-10 05:36:55.661386","Tuesday",5,5,"Service",0
"586103bd-22da-4ab9-ae75-ccbacb3ad8fa","Brandon Moran","2026-03-05 18:21:06.333229","Thursday",18,5,"Account",1
"10ab9eff-40f9-47ae-b8a5-3cdc9c52a946","Lori Lara","2026-05-11 23:45:07.248815","Monday",23,11,"Technical",0
"32942a0e-2519-475f-984e-480536e2c90b","Cynthia Park","2026-02-13 00:39:18.905821","Friday",0,22,"Technical",0
"3c5b1639-3eca-4fa5-ac13-145bc10cc5fe","Audrey Robinson","2026-03-17 04:06:57.921160","Tuesday",4,6,"Billing",0
"cc00488a-4b0f-49bb-b5bb-e4ca06ef4bf5","Amber Griffin","2026-04-18 17:20:43.037464","Saturday",17,5,"Account",1
"89c99bb2-f676-4382-aad1-8e5ec1cbf9b2","Dominique Rice","2026-05-12 04:05:13.824083","Tuesday",4,11,"Technical",0
"811d56c5-e0d4-44b9-b0bf-84c2f35e6ce3","Kristina Manning","2026-02-12 18:46:20.821164","Thursday",18,11,"Technical",1
"9c3489e5-5021-4f2e-a4e3-a6438f539f7a","James Tucker","2026-03-25 17:41:34.266580","Wednesday",17,11,"Billing",0
"6f41de59-41d0-4602-a235-b79fe9193c61","Justin Beard","2026-04-22 04:29:04.518095","Wednesday",4,5,"Technical",0
"5aa6fe4d-dad7-438b-9cc7-70b73284d7fe","Lisa Daugherty","2026-01-30 05:04:46.812021","Friday",5,21,"Account",0
"ece8c74b-2e4e-4821-bcf9-541fa1d16a98","Bobby Elliott","2026-02-24 05:00:42.001360","Tuesday",5,14,"Technical",0
"31d92cfe-636c-43c5-8394-9076f72491e6","Autumn Gibson","2026-03-10 09:44:29.377284","Tuesday",9,37,"Billing",0
"fbd79849-73fe-4533-8537-75d48bc42e0f","Charles Moody","2026-01-06 14:32:37.729915","Tuesday",14,45,"Billing",1
"b1c71bed-e606-40ee-8a6e-d0cf3a0378b7","Hunter Figueroa","2026-01-17 20:50:26.103821","Saturday",20,10,"Service",0
"b1aecb95-9ac2-4653-bbc6-d11a48aeac3f","Jamie Watkins","2026-04-05 08:58:21.244275","Sunday",8,4,"Account",0
"97d035dd-65f2-4802-a2ba-036e6fa14edc","Laura Nguyen","2026-04-11 00:42:02.538593","Saturday",0,2,"Technical",1
"fb50d8bf-6ba5-459d-af6e-076e05dfdcaf","Aaron Garcia","2026-05-17 08:00:04.841320","Sunday",8,4,"Service",0
"981f3581-d629-40f1-a7c7-cb2816c7bc32","Michael James","2026-01-06 11:11:09.278607","Tuesday",11,28,"Technical",0
"a0177a95-2162-4cb8-963b-31738b3c2142","Debbie Lewis","2026-03-15 22:10:04.020841","Sunday",22,8,"Account",0
"38eef629-e4f3-468d-9b0d-7cb7fa1d3329","Kristin Barber","2026-04-20 14:45:06.097477","Monday",14,55,"Account",1
"424bf80b-a750-4c05-83f1-5af1f9e64e6a","Alison Bell","2026-03-29 05:32:08.161975","Sunday",5,6,"Account",0
"5566bf0c-78ee-4895-8577-69ce12ab548d","Mark Trevino","2026-02-13 04:48:25.219944","Friday",4,17,"Account",0
"f59b8ed2-2df2-4b47-abfd-62edc21ab07a","Susan Scott","2026-01-13 19:57:48.406099","Tuesday",19,9,"Billing",1
"e83aa3b6-130d-4836-86f2-2d1401b0fb51","Kimberly Berger","2026-02-05 09:14:38.485721","Thursday",9,31,"Billing",1
"377a8053-7ee6-4e97-a308-180538ee4db2","Allison Phillips","2026-02-06 11:59:33.432574","Friday",11,33,"Account",0
"cb2c68c7-a01c-4b9b-b8f7-1c76f4594de0","Troy Humphrey","2026-04-28 00:43:51.466606","Tuesday",0,8,"Technical",0
"9c49504e-6159-43f9-b9f2-62d2fe82ab51","Jodi Berg","2026-05-17 10:02:29.738614","Sunday",10,16,"Service",0
"091f635d-ba9a-4a49-b865-5cdf63a42260","Paige Brown","2026-02-11 21:03:01.097043","Wednesday",21,9,"Account",0
"a630cef9-de6a-4d03-8253-5a7354ceb9da","Steve Dickerson","2026-02-08 21:31:53.449557","Sunday",21,13,"Billing",0
"d8134234-030f-42e8-956e-0ceaf5602d97","Megan Nichols","2026-05-04 21:44:53.605487","Monday",21,20,"Service",1
"2617d34e-5d60-43ae-8456-40a6ff8e39f5","Tyler Chavez","2026-04-04 16:23:37.427065","Saturday",16,27,"Service",1
"2eff862a-bd1d-4cf5-a6b4-68f79c8634b6","Jeffrey Martin","2026-03-08 09:13:20.173570","Sunday",9,21,"Technical",0
"3a7ef4ac-32b5-4d2b-b85f-e5c50d1759c9","Brian Medina","2026-03-01 16:50:36.200335","Sunday",16,27,"Account",1
"f7d0fd0b-4a12-45db-adaf-b68a4699e70a","Daniel Yang","2026-03-01 00:56:56.573514","Sunday",0,12,"Service",0
"863058e4-f98f-4f74-ba45-d34cc9907ac9","Alexander Roth","2026-01-06 07:48:40.807757","Tuesday",7,8,"Account",0
"1d4af43c-3ccd-436c-bea0-b4aff21bc70f","Stephen Lynn","2026-03-27 04:07:55.782730","Friday",4,13,"Technical",1
"f223ef58-9c32-40ac-8991-499a8723bafa","Matthew Mata","2026-05-02 07:25:57.849843","Saturday",7,7,"Service",0
"947cae65-009f-4a9f-8b12-cd9995071e0d","Lori Acosta","2026-02-26 00:19:13.341047","Thursday",0,6,"Account",1
"211d0ec1-32b6-421e-98dc-d42146732fa3","Kara Owen","2026-03-03 10:36:25.795195","Tuesday",10,39,"Service",0
"2b4209e0-08e9-4345-bed9-47f6704810f2","Anthony Porter","2026-02-27 11:08:20.835640","Friday",11,25,"Account",0
"99b606b3-e0a5-4043-9d65-fb704f36bccd","Ian Bond","2026-03-06 18:22:07.997496","Friday",18,12,"Account",1
"79a8ec7a-346d-4b6b-aff1-fa638dc21cf5","David Thomas","2026-03-24 20:59:15.501560","Tuesday",20,10,"Service",0
"30978995-aed1-4ab6-835d-e6851ea28627","Dustin Allen","2026-04-06 21:01:26.779100","Monday",21,27,"Technical",0
"c0990118-0277-4f52-a127-1a89e0cb492c","Victoria Nguyen","2026-04-30 02:27:58.027049","Thursday",2,9,"Billing",1
"84debab6-8172-4963-b68d-48cfef128c64","Lisa Lopez","2026-04-30 18:48:56.567601","Thursday",18,7,"Account",1
"18d7d798-ec6a-42d8-838a-873f268577e9","Mary Flowers","2026-01-11 07:40:38.226890","Sunday",7,15,"Technical",0
"15c5058a-9ad6-4a43-af21-1e9e7780aa4a","Tammy Campbell","2026-02-24 23:53:14.772028","Tuesday",23,8,"Technical",1
"6cadd88a-604c-4246-93c8-924fa1b670fd","Joseph Smith","2026-03-31 13:13:53.017973","Tuesday",13,33,"Technical",0
"f4d6294d-7209-46d8-b18a-9ffd1c4105ca","Craig Gibson","2026-04-04 23:33:49.043356","Saturday",23,8,"Account",0
"6064bf73-89c2-4464-a14b-62940ca5e4c1","Megan Simpson","2026-02-06 16:47:02.329511","Friday",16,52,"Billing",1
"738178aa-7565-4acc-8cf6-dd55c6739807","Kyle Jackson","2026-01-05 00:41:57.725518","Monday",0,15,"Billing",1
"4c37583d-3400-4c1c-9c61-6de2ed15dc6a","David Brown","2026-03-23 10:07:40.670642","Monday",10,44,"Technical",0
"c45a58e3-055e-4773-8086-a7b93ff4104f","Paul Mccoy","2026-04-09 18:18:36.362265","Thursday",18,8,"Billing",0
"87df4cbc-2b75-4ed6-a1ff-7ea07d3a66a9","James Carr","2026-04-06 14:52:05.262892","Monday",14,39,"Technical",1
"90234d1e-5a68-4e61-b047-cb027e50b618","Blake Nguyen","2026-05-13 01:26:46.585959","Wednesday",1,11,"Billing",1
"77d9b7c1-6042-4bde-97aa-b781dd478ec0","Angela Gibbs","2026-04-10 21:23:24.531434","Friday",21,12,"Technical",1
"847a6ea2-9816-403a-be21-31c55e444d1e","Rhonda Perez","2026-04-03 04:01:36.037785","Friday",4,22,"Technical",0
"be1deb30-be7c-40b0-b4fd-740acaec2a58","Adrian Ortiz","2026-01-15 13:21:17.604218","Thursday",13,30,"Billing",1
"dac203ed-1c33-4ab4-8927-f939639a60d9","Robert Sims","2026-04-10 17:30:24.009620","Friday",17,11,"Billing",0
"a85fc3ff-44be-4e85-9b49-bfe2e77db3c2","Javier Gibson","2026-02-05 18:38:36.518076","Thursday",18,2,"Service",1
"8009eaa9-8587-44bc-b27f-a11d6c1a84d9","Samantha Ibarra","2026-05-07 06:38:45.520071","Thursday",6,8,"Technical",1
"dfebd541-9b4f-4e11-9ff0-24a8fad712a4","Keith Johnson","2026-04-02 15:12:45.371862","Thursday",15,38,"Technical",0
"6c575c34-895c-4458-a69c-8b318cc62968","Donald Hernandez","2026-01-18 17:46:30.201737","Sunday",17,6,"Service",1
"10c51219-9302-4f05-878b-90d2aa032365","Melissa Williams","2026-04-08 18:28:48.219585","Wednesday",18,10,"Account",0
"2e972fc3-2da9-4499-8a99-e3cb89ad3bba","Vanessa Ortiz","2026-02-06 18:40:29.598146","Friday",18,26,"Technical",1
"45983100-a193-4651-901e-7d86b53cb97a","Melissa Lopez","2026-01-26 10:23:26.985509","Monday",10,30,"Account",1
"2a9127e3-2828-429d-8962-b5f5f3f99d76","Justin Parks","2026-01-31 09:47:36.731025","Saturday",9,44,"Technical",0
"900a94e3-2e26-4fa5-9bba-34c2136de2a4","Douglas Mann","2026-03-29 04:23:29.866504","Sunday",4,15,"Billing",0
"57e16e84-5eac-4b34-a280-e147125b7d4a","Mrs. Olivia Wyatt","2026-01-14 09:20:34.960774","Wednesday",9,17,"Service",0
"3ee0f044-b7db-4e3e-849d-a79ef4e06478","Ashley Huffman","2026-03-29 23:25:44.330070","Sunday",23,3,"Service",1
"fa5f2488-973b-43d9-95d0-3041630f0bf2","Barbara Banks","2026-03-01 12:08:52.618156","Sunday",12,41,"Technical",0
"3c764b18-1f32-4078-83db-497456db04ca","Patricia Jones","2026-05-14 17:46:34.305921","Thursday",17,8,"Billing",0
"8181ef6e-4ffa-4e8a-8961-5d53fe64a2de","John Robles","2026-02-07 08:40:47.652952","Saturday",8,13,"Account",1
"8dfbdda1-e85f-40be-a8ec-985612b0d899","Melissa Gray","2026-04-20 22:34:05.033529","Monday",22,13,"Account",0
"3451add7-35ac-4c34-b19a-fa61cf1ef863","Brandon Barber","2026-03-29 05:36:25.017323","Sunday",5,4,"Billing",1
"7a3e76ab-bfdd-422d-9431-7ee040f97f5e","Brian Daniels","2026-04-23 15:43:36.610360","Thursday",15,25,"Account",1
"f0b3cb7d-81ea-48bf-91f9-c27f832be3fb","Ms. Brittney Anderson","2026-02-15 06:43:36.217315","Sunday",6,15,"Account",1
"1e4dc42d-2b2c-40e0-b422-ba1289888e8e","Jason Zuniga","2026-02-01 23:46:35.835440","Sunday",23,6,"Service",0
"23a9d8c1-89fe-4cba-87fa-ed398868e78a","Nancy Lee","2026-02-02 04:59:47.290514","Monday",4,18,"Technical",1
"13fbcbef-b4fd-44a1-94cf-3a50a4241edd","Priscilla Jacobson","2026-04-16 19:39:03.225918","Thursday",19,6,"Billing",1
"e0b48c77-18b7-497c-8301-6a5dd2696efe","Nathan Hawkins","2026-01-15 07:09:52.031271","Thursday",7,13,"Account",0
"d5d80b65-9414-4676-bede-cd35840ea607","Abigail Burton","2026-04-06 06:23:36.078349","Monday",6,15,"Billing",0
"5285c3ad-155a-4ad0-b8ef-831b4042ea4a","Clayton Sullivan","2026-02-19 20:20:16.247594","Thursday",20,5,"Technical",0
"be658756-95c3-4734-8553-bfa5299b5f76","Morgan Bennett","2026-04-02 04:30:21.279877","Thursday",4,13,"Service",1
"92658d8b-500c-4751-a897-017d6c06a866","Mr. Brian Wolfe","2026-02-24 02:09:06.819235","Tuesday",2,14,"Service",1
"dd3a9841-c99f-4a98-a6f2-8976781bb505","Felicia Greene","2026-01-21 16:44:56.592721","Wednesday",16,40,"Billing",0
"bea883e0-0b0f-4b2c-9c21-96e2703c1b54","Scott Mason","2026-04-19 15:51:34.894849","Sunday",15,40,"Account",0
"82a9bfd3-6002-4a94-9224-2c039066db96","Dustin Boyle","2026-02-19 20:46:12.451004","Thursday",20,8,"Account",1
"2fdede06-5853-4872-bd18-6a37400b2b49","Eugene Thomas","2026-03-23 00:00:15.425595","Monday",0,23,"Account",0
"a189eacd-d29b-4b8f-956d-d4d7e2541c67","James Simpson","2026-05-09 00:53:26.873567","Saturday",0,9,"Service",1
"b848f127-a4e1-431e-b2c2-e120422c1448","Amanda Berry","2026-01-31 01:24:26.614628","Saturday",1,15,"Billing",0
"02c9d6ae-d06f-480f-9dbe-10cea19f16ef","Joseph Patel","2026-05-14 09:14:02.999454","Thursday",9,30,"Service",1
"f9223a7a-9db0-4b47-b972-8a420898c682","Cassandra Vargas","2026-04-06 17:13:49.205239","Monday",17,26,"Billing",1
"7dcc842a-71d7-4416-94e6-ba9d5049a6e8","Amy Ramirez","2026-02-06 17:36:24.282156","Friday",17,18,"Account",0
"5284a0d2-923c-4d49-b4bc-f1a51135380f","Jonathan Reed","2026-04-13 05:54:21.466930","Monday",5,21,"Billing",1
"bf3daa89-8872-457d-b2d9-0e541c07b600","Lisa Craig","2026-03-23 08:08:31.650035","Monday",8,12,"Account",1
"8726bc46-46de-4fd8-8459-6f92950dd42d","Marie Shepherd","2026-03-18 21:40:08.043995","Wednesday",21,13,"Technical",0
"439356fb-09ca-4549-8fba-8768c644c777","Andrea Peterson","2026-04-16 16:10:46.375713","Thursday",16,28,"Account",0
"fd9cd58d-3602-4427-b489-9ec839e35945","Kimberly Diaz","2026-02-16 13:18:52.672914","Monday",13,42,"Account",1
"5b93d925-b438-4763-8049-0dc7cdbe53eb","Christina Williams","2026-03-23 07:34:46.556091","Monday",7,19,"Billing",1
"8cfadcbe-2980-4ea6-9581-3334c181b12a","Beth Ward","2026-01-29 06:56:42.430543","Thursday",6,4,"Technical",1
"85428637-816b-43f1-aa23-b34088f5bd39","Michael Perez","2026-01-31 08:31:37.913980","Saturday",8,15,"Account",1
"ca0abc19-1069-425a-b29e-2635a0a5e1e5","Patrick Miller","2026-05-17 08:53:48.856793","Sunday",8,5,"Account",0
"387cc9d4-1768-410c-85bd-84f006aef13c","Anthony Wade","2026-05-06 08:05:09.633283","Wednesday",8,6,"Account",1
"c6b8ca8b-29c4-4b60-9927-3f436b1229dc","Matthew Smith","2026-01-28 00:30:38.658957","Wednesday",0,11,"Service",1
"847f5fd7-7324-435d-935c-57c34eb72b97","Melanie Brown","2026-03-07 20:45:14.998619","Saturday",20,14,"Billing",0
"61d23be9-e204-4df5-8fc9-08b1f8c31535","Travis Bray","2026-01-28 09:55:04.403798","Wednesday",9,19,"Technical",0
"78ae3c09-9939-47ba-951a-08e642d9037e","Julia Marks","2026-04-27 06:31:24.270856","Monday",6,18,"Account",0
"e0addcfe-0a6a-4ba5-8557-be87f867503b","Andrea Smith","2026-04-25 02:40:10.693073","Saturday",2,14,"Billing",1
"aeb0b4f6-335e-4709-9419-38d796e28434","Elizabeth Shaw","2026-02-11 17:04:54.773791","Wednesday",17,5,"Service",0
"5fb0cc23-df63-4bd8-9c14-4f231fcc3941","Courtney Patel","2026-05-12 17:39:17.660120","Tuesday",17,6,"Account",0
"abb39e54-a787-4c05-a697-3871cd24f8db","Laura Carter","2026-04-14 08:24:16.208068","Tuesday",8,12,"Service",1
"5f88bd9b-848c-4c3a-8212-bf24b6b1927a","Nicholas Burton","2026-02-17 04:31:44.701351","Tuesday",4,10,"Account",1
"efa57927-5bf6-4bc8-8b19-c542ce29c134","Joanne Rollins","2026-05-05 12:25:48.508917","Tuesday",12,44,"Billing",1
"38e5ec44-ddb8-439e-86fb-00c30990ab70","Thomas Simpson","2026-03-25 06:31:26.304876","Wednesday",6,5,"Technical",0
"7825ccb4-2094-4251-906a-ae8011fb44ad","Teresa Stevens DVM","2026-04-08 12:31:37.361875","Wednesday",12,28,"Technical",0
"b1cac720-db65-46f1-952a-b2647530f245","Jill Hudson","2026-02-16 12:22:33.879222","Monday",12,51,"Billing",1
"5c46ed4c-2970-4793-bfa0-5fb9d249235c","Sandra Martinez","2026-04-15 03:02:49.361144","Wednesday",3,6,"Service",1
"fc4f3f70-542f-4848-b079-979d2e10ea21","Lisa Watts","2026-01-21 09:36:42.969488","Wednesday",9,39,"Service",0
"650b5071-9383-4a12-9474-75e726199f97","Justin Anderson","2026-05-11 03:19:00.313206","Monday",3,11,"Account",0
"89a8edb2-d271-4f9c-9122-7cd32aebdfc2","Danielle Richardson","2026-01-15 02:29:12.057219","Thursday",2,13,"Technical",1
"978b308b-46c1-409b-b0d5-0bfde4431e1a","Alyssa Williams","2026-02-04 06:22:21.189089","Wednesday",6,7,"Technical",0
"be837721-816e-432d-a6fa-e2214fff8049","Keith Berry","2026-01-27 12:24:19.459555","Tuesday",12,10,"Technical",1
"de600af1-e829-40e5-9305-d15f9721a9ec","Emily Robinson","2026-04-08 04:38:07.065891","Wednesday",4,15,"Service",1
"2d3a6573-5151-4a74-bd79-48e573b20e4f","Brandon Mitchell","2026-01-03 09:43:21.430366","Saturday",9,11,"Service",0
"7732c211-03ed-45fe-9278-53ecb24a99e6","Janice Harvey","2026-04-08 22:54:10.879123","Wednesday",22,13,"Billing",1
"0261863b-a689-4dcf-8a5f-889f4903b2ce","David Price II","2026-03-15 14:34:59.160398","Sunday",14,28,"Billing",0
"8881045a-3c4c-46b4-bdc4-b585d4bf073e","Patricia Sanders","2026-04-06 10:57:36.866368","Monday",10,28,"Service",1
"6fb5710e-94cc-43ea-af91-ea6eeadf5a09","Jennifer James","2026-05-12 15:04:08.747517","Tuesday",15,10,"Technical",1
"d6e459aa-a6d7-4cb5-bc0e-2a05e9b0f108","Jeffrey Gomez","2026-01-06 09:01:42.223413","Tuesday",9,25,"Account",0
"6444fd30-fdd4-4128-9cdc-6a53f26ee3e1","Caroline Stewart","2026-01-28 14:15:41.379829","Wednesday",14,13,"Service",0
"7b8c8459-b531-44b7-8fe9-0b4bdea0771e","Kimberly Hall","2026-05-07 18:22:39.690947","Thursday",18,10,"Billing",0
"9cc0976b-23a4-4df0-99f1-eb26062e746d","Melanie Brown","2026-02-25 02:02:51.658368","Wednesday",2,10,"Billing",0
"742ce881-e411-4a82-9d0e-eea6151d794b","Benjamin Brown","2026-02-24 17:41:41.671879","Tuesday",17,7,"Billing",0
"b9b7a438-3a0e-4143-a03c-bd374c2c98dd","Thomas Mitchell","2026-01-01 03:32:15.078127","Thursday",3,5,"Technical",1
"2339e45d-347e-4739-b7f0-dbf8e796e24e","Dr. Alex Hutchinson","2026-03-21 01:05:47.505549","Saturday",1,10,"Account",0
"ab5f058c-5258-42c6-be93-055bcd5d17ea","Rebecca Mckay","2026-02-23 13:07:26.201759","Monday",13,43,"Service",1
"01cd7fea-30c3-4927-b79d-7ca2e6dd9edd","Michael Harris","2026-05-07 14:38:40.017458","Thursday",14,42,"Service",1
"f5757f75-ff4e-4e4d-b616-ba1b11bce1b2","Mary Moss","2026-01-30 07:34:43.011985","Friday",7,14,"Service",1
"8b376717-5339-497a-96e1-6e7768a4ebec","Danny May","2026-05-13 00:16:48.299397","Wednesday",0,15,"Account",1
"af9817c5-ec09-458d-a188-1e064e0a274a","Stacy Burch","2026-05-10 00:41:34.077462","Sunday",0,5,"Account",0
"0c072d02-a441-4fd6-947b-403e16df9988","Dr. Amy Rivera","2026-04-07 03:31:50.853289","Tuesday",3,13,"Technical",0
"fb62f80f-3add-4801-b67a-29829258bd59","Patricia Perez","2026-02-11 11:34:03.999970","Wednesday",11,32,"Account",1
"fe531913-6774-43cb-8af6-fa82cc60ffb0","Jessica Collins","2026-01-04 14:01:09.507974","Sunday",14,33,"Billing",0
"9efc9c48-0ee3-415a-ac32-3818b77c1869","Tyler Riley","2026-04-28 07:35:39.084898","Tuesday",7,9,"Billing",0
"47e495c8-3b85-49f5-8d72-43f81fa07bb5","Janet Gross","2026-01-16 21:01:45.862870","Friday",21,14,"Account",1
"3ac15e20-d67f-4074-ba3b-681f75bec18c","Kimberly Rodriguez","2026-01-09 15:11:33.793219","Friday",15,46,"Billing",0
"d988532c-7d43-4f1d-9b9f-7e5a5bd3737a","Katrina Porter","2026-04-26 11:27:43.957826","Sunday",11,23,"Account",0
"e8df5c8c-d587-4e43-a624-3bc5245b310d","Shane Flores","2026-04-10 22:39:33.928511","Friday",22,18,"Account",0
"afaa0415-b9bc-4738-b0fa-e99190c6f2fc","Aaron Lamb","2026-04-04 03:44:28.199584","Saturday",3,5,"Account",0
"acc65613-6351-43cc-bd50-33991869d07b","Lisa Stephens","2026-02-09 16:23:28.180993","Monday",16,42,"Account",0
"04766ec5-d7b4-494a-93ce-5891ed125723","Amanda Clark","2026-04-22 04:04:07.971560","Wednesday",4,8,"Technical",0
"7948a0cc-3548-4667-b0a8-d1bcea057cc8","Erin Ware","2026-05-13 14:28:16.070398","Wednesday",14,30,"Billing",1
"f180c382-a3bc-40ca-8337-abd2564081c9","Thomas Martin","2026-03-14 13:28:21.048267","Saturday",13,14,"Billing",0
"c92832b2-2020-4fd8-bea6-5607220e2e00","Monica Campbell","2026-01-12 10:16:18.276366","Monday",10,56,"Service",1
"d55db77c-9896-428e-856a-dfc7d21fbdae","Sarah Tran","2026-02-18 21:37:56.708724","Wednesday",21,2,"Billing",1
"6197ec5f-b760-4e21-a4e4-2235f1f5ebc2","Teresa Mays","2026-01-07 15:30:12.359453","Wednesday",15,20,"Billing",1
"53c89af4-227c-4c74-a250-fc05a3b7b4fe","Olivia Martin","2026-04-09 13:00:13.560162","Thursday",13,32,"Technical",0
"f1fafd94-bae4-4f08-b0d6-8493d3c69b62","Bobby Francis","2026-04-23 17:07:12.570946","Thursday",17,11,"Billing",1
"915239ba-2fcd-482e-a5f8-0daae6e5eb6e","Joshua Martin","2026-03-24 20:17:22.965921","Tuesday",20,8,"Technical",1
"40300843-df83-4387-a74f-30508b8b03d3","Dwayne Jensen","2026-04-18 14:57:07.396574","Saturday",14,42,"Technical",0
"1edb6fbd-0b08-4374-a006-892b32c74f21","Susan Smith","2026-04-20 16:44:19.783727","Monday",16,25,"Billing",1
"b4909a08-03f9-4689-9746-a64e1692e8dd","Brian Perez","2026-03-26 11:36:11.967933","Thursday",11,13,"Account",0
"8932195d-72ce-49df-8075-b6ba069bcc69","Catherine Cox","2026-05-08 12:48:32.903228","Friday",12,22,"Account",1
"6b1e7485-3bf3-473d-a797-693df2318df4","Joy Baker","2026-05-02 19:04:58.521206","Saturday",19,13,"Service",0
"f589c85a-38dd-4487-bfe7-6d9399e05ebf","Omar Burns","2026-01-13 04:22:19.166573","Tuesday",4,5,"Technical",0
"e40f96a9-008f-4abb-a349-d8f3bdd23800","Frank Sandoval","2026-03-15 10:54:31.318227","Sunday",10,43,"Service",0
"bf14b538-a6be-477f-addb-7bd97dd9781d","Dr. Hannah Williams","2026-04-01 06:46:41.565819","Wednesday",6,12,"Technical",1
"c04a9225-d768-48fa-abbd-31cec2c434f3","Scott Pratt","2026-05-02 14:33:06.303580","Saturday",14,23,"Service",1
"a6b4ee3d-4b18-4e2e-be01-ed7af986569c","Hector Lewis","2026-04-06 18:01:25.809849","Monday",18,16,"Technical",0
"e1747761-7cf7-4b1d-b5e2-b25e4429fd13","Christopher Hughes","2026-03-18 03:35:12.310283","Wednesday",3,9,"Service",1
"52e05719-1417-473f-a894-4b39231e1459","Ellen Hart","2026-02-19 05:07:38.692042","Thursday",5,12,"Technical",1
"5f59e1f0-24ed-4ea0-b6c3-7e1aaea80ae9","Cheryl Elliott","2026-02-20 05:50:34.715532","Friday",5,23,"Service",0
"7d326e41-e070-4e92-870a-ddc70dc2a9ef","Joseph Espinoza","2026-03-27 16:52:24.719778","Friday",16,41,"Billing",0
"e80b7d43-7a24-45c8-8c29-4ac2e0759bdf","Brooke Hernandez","2026-02-10 01:49:56.228720","Tuesday",1,8,"Technical",1
"9d60c1df-43e7-4f60-8990-7088b9a74997","Allen Ross","2026-02-23 21:46:17.064647","Monday",21,19,"Account",1
"15354433-43c1-47f5-9e86-9abc2255b35c","Jillian Butler","2026-03-31 14:17:43.013058","Tuesday",14,19,"Account",0
"d3bd8dd3-65bd-499c-beb5-5a08c3390909","Brandon Ortiz","2026-03-09 08:14:07.584145","Monday",8,20,"Service",1
"7d418b6b-e3c5-4a6e-ad06-47e648a579a0","Erin Harvey","2026-04-26 06:42:40.004661","Sunday",6,8,"Service",0
"4b0604d1-3177-46ba-b2ec-5468ce1bc809","Crystal Nunez","2026-04-05 03:16:33.307830","Sunday",3,14,"Account",1
"45273742-e036-4c11-99df-8978b30828ba","Cindy Morgan","2026-02-01 09:03:43.957580","Sunday",9,24,"Billing",0
"c56ab7c2-3aa6-4eb4-9fef-8edd4eb54b10","Charles Rodriguez","2026-03-28 09:37:24.679876","Saturday",9,36,"Billing",1
"837cce2d-231e-4d77-9360-0ba7ec3fb1f6","Jeffrey Ford","2026-04-17 10:57:20.915419","Friday",10,24,"Account",0
"750c5095-3820-402f-b3b7-e9661abef88f","Paul Carter","2026-05-07 21:17:18.099405","Thursday",21,7,"Service",1
"6b862ed4-922f-4471-b7fb-c7dadda637c3","Stephanie Bauer","2026-02-15 03:52:07.130754","Sunday",3,7,"Service",1
"33cc9224-2528-4287-a657-2eaa9c1b6c49","Erin Nguyen","2026-02-05 07:50:08.801701","Thursday",7,4,"Technical",1
"05ce7efe-76c5-4ebb-96d5-ef58174856b7","Mary Zamora","2026-03-24 03:30:45.581003","Tuesday",3,15,"Service",1
"bd0df3fa-d937-4858-a073-77454afe6674","Michelle Collier","2026-03-02 12:32:33.394341","Monday",12,28,"Service",0
"d27d0f69-639d-4d1e-98e3-9cc34253423f","Kelly Mitchell","2026-02-14 02:37:20.209484","Saturday",2,15,"Billing",1
"b62572b8-856d-4dd9-adf7-bb63093309fa","James Hodge","2026-02-20 11:54:13.695656","Friday",11,48,"Billing",1
"95a52c9f-1441-4905-83d1-a10193234b14","Thomas Brown","2026-01-02 09:15:02.539268","Friday",9,58,"Technical",0
"d1257497-0618-4a75-896a-5d0f2db49d7c","David Mack","2026-02-12 23:10:26.320321","Thursday",23,11,"Account",1
"e1433cbd-c972-49e0-a8c7-6509bbc64807","Douglas Wood","2026-02-01 13:34:55.710617","Sunday",13,21,"Technical",0
"b2c3451b-5f7e-4c4c-a166-779c7a4d36d5","Mr. Chris Norton","2026-04-22 05:04:42.932044","Wednesday",5,14,"Account",0
"0385dbb9-49b8-4d70-883f-de8d97f01aa6","Scott Walton","2026-04-26 04:14:14.508893","Sunday",4,9,"Account",1
"704e9a3c-3aa0-4f89-bb9a-881993c2a157","Margaret Franco","2026-03-21 19:01:06.929883","Saturday",19,4,"Service",0
"8ec05325-06d8-493b-957b-125289123663","Brent Ellis","2026-02-21 02:46:47.139951","Saturday",2,9,"Technical",1
"3834b7f4-cd10-4a9a-81a9-559ff1328a1d","Robert Rush","2026-04-13 06:47:41.704499","Monday",6,7,"Account",1
"ed15f979-8f40-45fc-8f6f-d2ef91befdcd","Melanie Mendez","2026-03-11 12:47:49.457313","Wednesday",12,30,"Technical",0
"19865a74-b0b5-4e45-8865-0a008cd50324","Samuel Garrett","2026-04-21 22:40:02.411680","Tuesday",22,13,"Billing",1
"bc686e12-4406-425d-8456-7f48ce367a8e","John Castro","2026-02-10 23:42:15.969965","Tuesday",23,12,"Account",1
"a9b9ab0a-f15d-4d8b-8ffd-ddd78a9d3a9b","Richard Walsh","2026-03-17 06:15:45.277679","Tuesday",6,8,"Billing",0
"eb7e3b3c-d3fc-48b3-8a5f-80e9e1f6e546","Eric Woods","2026-03-08 16:16:49.108554","Sunday",16,20,"Technical",0
"2270d309-8770-4930-8605-1fd6f5854870","Jodi Santos","2026-05-08 03:18:11.886916","Friday",3,16,"Service",1
"aa827016-10da-4c20-bd09-8e6667119015","Ashley Watts","2026-03-16 09:07:03.745556","Monday",9,36,"Billing",0
"4565f2b7-09ab-4475-aadd-795b7b36542f","Mary Foster","2026-02-21 22:13:18.828959","Saturday",22,3,"Service",0
"3315a588-605d-42b2-b82d-71bcf72eb87b","Jose Good","2026-01-21 09:46:45.349126","Wednesday",9,22,"Account",1
"cd5cd0b0-d8b6-428e-bc79-75fdcdb69d1d","Daniel White","2026-04-15 11:11:33.160271","Wednesday",11,25,"Technical",0
"066c136b-bb85-461d-9d08-9e6f3b005c1f","Lisa Cohen","2026-03-08 21:45:00.907735","Sunday",21,4,"Technical",0
"266d4937-44bd-4b83-8a84-5d958f900075","Sharon Wagner","2026-01-07 14:04:20.071859","Wednesday",14,17,"Account",1
"d2721918-26f8-4015-b7c4-fbb7bee489a2","Karen Hayes","2026-04-06 00:22:36.796466","Monday",0,20,"Account",0
"f281ce6a-ec1e-43ed-a46a-6ac83e36fc26","Carrie Wilson","2026-02-10 02:52:42.182395","Tuesday",2,3,"Account",0
"f4b68037-b1ea-4d78-80c0-f68a591074ba","John Norton","2026-03-15 21:41:07.642164","Sunday",21,15,"Service",1
"69f7b365-12b0-482b-b1a3-077cfcf68bc1","Erin Snyder","2026-02-02 22:29:35.519004","Monday",22,16,"Service",0
"71df5094-c739-438a-8a80-169aed750743","Michael Cook","2026-03-03 12:33:18.520377","Tuesday",12,38,"Technical",0
"aa8a2cd7-2b7d-4ee7-8fac-7b6e4cd6cf00","Kyle Lee","2026-05-07 03:16:05.401863","Thursday",3,11,"Technical",0
"e32ea60c-273b-47f6-894e-ca2978bd0935","James Simpson","2026-01-17 13:40:27.865100","Saturday",13,14,"Billing",1
"8459aee4-af82-40b5-91a4-af8a21ff75a7","Jeremy Cook","2026-01-22 12:04:10.035324","Thursday",12,32,"Account",0
"1514455a-464c-4305-954f-1784da3cbef8","Diamond Boyd","2026-02-02 06:07:04.307278","Monday",6,22,"Account",0
"24a27bdd-6a35-438b-ab5f-ea248caebc42","Michael Allen","2026-03-16 15:43:56.044310","Monday",15,24,"Technical",0
"e7da721b-c7e0-48f8-8243-3ce37125aeba","Richard Martinez","2026-03-29 19:55:24.025508","Sunday",19,14,"Account",1
"0420ebe9-5a55-45f3-8daf-d42d409e70d8","Megan Johnson","2026-02-14 07:00:45.288519","Saturday",7,9,"Billing",0
"04b5c55e-9c05-4ee9-86a9-e3f693a87023","Miss Katherine Reyes","2026-03-25 17:10:35.998233","Wednesday",17,10,"Service",1
"5d2d4d0b-3629-47fe-b7ce-d853c7cb7e22","Johnny Smith","2026-05-12 01:56:54.489783","Tuesday",1,10,"Account",0
"07f1eda7-83a8-43ff-a163-9e7f4bb8084a","Shelly Murphy","2026-04-15 10:07:10.118944","Wednesday",10,24,"Service",0
"c597e976-7786-4317-b732-e7b8a1b8e664","Joshua Bolton","2026-02-08 15:08:56.854625","Sunday",15,22,"Technical",0
"8d6d6431-b9bc-47c9-81b1-ca2e1b0106ce","David Griffin","2026-03-04 16:26:53.133510","Wednesday",16,26,"Technical",0
"7a1fec9e-0f0a-442c-99c5-0107556d6bd7","Patrick Doyle","2026-01-31 00:38:03.394579","Saturday",0,7,"Billing",1
"aec06db6-8e78-4e45-91b0-f022b9797a8a","Tabitha Sanchez","2026-02-11 10:21:16.754638","Wednesday",10,45,"Account",1
"5ecda77d-dd1d-4953-97cd-c887034b510b","James Cox","2026-03-15 11:50:36.294736","Sunday",11,16,"Technical",0
"65e8a488-af4b-459d-9cdb-895b5e8dcf5b","Nicolas Fernandez","2026-03-29 22:30:59.784275","Sunday",22,4,"Account",1
"6a461d49-fd48-4f20-b180-0b92720451fc","Andre Williams","2026-01-18 20:38:12.011129","Sunday",20,3,"Account",1
"7c6ce99d-ea7b-4316-b06e-61c4249d0e93","Kristen Herrera","2026-05-05 16:21:28.633236","Tuesday",16,21,"Technical",1
"2aa56b73-dc03-4fc7-a54b-6a0854b93fd1","Maria Taylor","2026-01-19 13:16:25.870667","Monday",13,29,"Account",1
"32962765-2572-4647-bed9-0313aee7635d","Marisa Welch","2026-04-28 05:45:09.650518","Tuesday",5,13,"Technical",0
"02b30fec-b18d-49ba-873e-f4e69cdf3a57","Paula Thomas","2026-02-15 14:09:36.832975","Sunday",14,38,"Account",1
"b43a6442-3266-4170-a1dc-c955d13f0b8c","Angela Arroyo","2026-03-14 00:12:43.368201","Saturday",0,7,"Billing",0
"5f76039e-2c90-4fbb-88f7-b4f59d7e4b24","Thomas Walker","2026-04-22 00:15:50.830929","Wednesday",0,10,"Technical",1
"df9509d0-55af-44c1-a307-3ca7770ddc36","Michael Chavez","2026-05-02 07:14:02.334912","Saturday",7,12,"Technical",1
"3495c4a3-9b40-4c8c-9fbf-e87920e146ec","Samuel Bryant","2026-04-12 15:37:35.314218","Sunday",15,21,"Service",0
"e2c368b5-9186-41ef-b0f4-3e530aa1cb70","Patricia Yoder","2026-04-02 15:38:37.025769","Thursday",15,11,"Billing",1
"6e40952c-cc52-4d2b-be76-2c9b90b987ad","Kristen Brown","2026-05-12 10:05:59.085708","Tuesday",10,25,"Technical",0
"e54081c0-e7c3-4463-8f33-6ec6d4f3cf96","Samantha Adams","2026-04-17 23:57:25.937732","Friday",23,30,"Technical",1
"3f2ed7d0-73df-400d-b884-cb373068832f","Sean Medina","2026-02-06 15:15:13.671255","Friday",15,34,"Technical",0
"99fd8f12-b224-48c9-9260-df9fc246f8e4","Alexandria Vaughan","2026-02-13 06:14:53.252646","Friday",6,25,"Account",0
"838a6abc-0cac-46d6-a19d-21c51dd4e846","Richard Long","2026-04-24 20:20:53.649776","Friday",20,25,"Billing",1
"8aa554f5-e93f-4234-b09a-7c4cdfa67c7a","Melissa Hall","2026-04-14 16:27:41.217464","Tuesday",16,43,"Account",1
"695904e3-cf29-4244-942b-9ac8796eb0c2","Robert Thornton","2026-02-15 13:56:53.957130","Sunday",13,40,"Billing",0
"20db1ed0-5272-4646-88f0-c57eb20f09b4","Brenda Blankenship","2026-03-23 08:21:55.176819","Monday",8,13,"Account",1
"15a1b0f8-c27a-4813-8476-d5884d5078cc","Hannah Johnson","2026-02-16 21:31:00.597161","Monday",21,16,"Billing",1
"e8effc1a-f28b-4075-abff-be1fd737de21","Marissa West","2026-05-01 17:09:05.798681","Friday",17,18,"Billing",0
"8cb4a6e6-0404-4d0d-a83f-d4406c2a5d9f","Matthew Ford","2026-05-03 12:27:14.917176","Sunday",12,15,"Billing",0
"8de9b795-c557-43ce-b732-f7a666f8ff29","Lori Miller","2026-01-06 07:42:36.838112","Tuesday",7,11,"Billing",1
"1f14588e-e683-4b2f-aac7-04fe0624a49e","Rebecca Stout","2026-01-01 01:12:21.931423","Thursday",1,8,"Technical",1
"e4ae8450-1a56-4bfc-b680-d3e961f6502c","Jason Snow","2026-01-19 12:19:56.783690","Monday",12,27,"Billing",0
"99dd6f0d-d353-4768-9e2d-712885fbf8d6","Philip Weiss","2026-05-17 01:52:32.776470","Sunday",1,8,"Billing",0
"e517e99e-d070-40ab-a1bd-b7281a519087","Paula Jones","2026-03-26 17:25:32.024613","Thursday",17,6,"Technical",1
"d910321e-335b-4c0b-b783-d9faf3f490ec","Elizabeth Lester","2026-05-11 15:43:32.869961","Monday",15,55,"Technical",1
"9217fee0-6c25-4ba0-afd2-9d24270e43b3","Kevin Newman","2026-05-16 00:05:27.161507","Saturday",0,11,"Technical",0
"2bc070e5-8d04-4063-bb33-fc0f9d94d871","Lisa Bennett","2026-02-12 18:18:49.578390","Thursday",18,3,"Billing",0
"b2b33e50-001e-4a7f-aaa8-fb56347c3b61","Brenda Robertson","2026-04-11 07:43:46.647485","Saturday",7,5,"Account",1
"e0adaabe-f4e1-42af-8e64-0ac60c2ce757","Joseph Schneider","2026-01-10 22:50:53.593722","Saturday",22,12,"Billing",0
"e7bedef2-51b6-4eb8-9c7c-d1030299573b","Alicia Burton","2026-03-13 10:05:11.876807","Friday",10,26,"Service",0
"4273de41-4971-4018-a4e4-459fd2f7c316","John Marks","2026-01-10 01:14:16.075202","Saturday",1,14,"Billing",0
"c95fb2a7-0123-42b0-8ce4-08c5c8b7c4cb","Marie Phelps","2026-01-07 16:32:12.753319","Wednesday",16,22,"Technical",1
"d398b88c-ead8-4886-8e86-96f93fcfcf15","Holly Morgan","2026-03-18 02:29:01.759168","Wednesday",2,6,"Billing",1
"81a27d7b-02a0-42c9-8642-766db0362d7e","Mckenzie Johnson","2026-03-22 18:21:46.943358","Sunday",18,4,"Account",0
"297c1437-3e52-4210-b0cf-630fadb7171c","James Williams","2026-03-07 17:59:20.262486","Saturday",17,15,"Account",1
"ce395cdd-1e31-4d26-8da0-9b34d7bd6a90","Alexandra Andrews","2026-05-04 19:43:28.170540","Monday",19,23,"Billing",1
"bfe93d0d-95bd-47af-8776-860eb812c4d4","Cynthia Good","2026-05-16 02:10:05.532982","Saturday",2,5,"Technical",1
"7c8c1b91-f7aa-4cfb-9658-f92cce671d50","Kimberly Melendez","2026-03-26 19:26:11.143509","Thursday",19,11,"Technical",0
"c45eb691-a2b9-4021-a700-b469e7d6d7a5","Robert Cohen","2026-02-21 06:13:25.140206","Saturday",6,15,"Service",1
"6a3a6b03-d7cf-4940-bbfa-44e421915a9d","Cynthia Ho","2026-03-22 14:38:56.621428","Sunday",14,38,"Service",1
"76a9115f-4b38-46a1-986f-edcb0d1d4577","Lynn Mejia","2026-03-05 04:16:29.285379","Thursday",4,7,"Account",0
"4f7a6073-eac6-41b0-bf54-32f4bb8c73f0","Michelle Fleming","2026-04-22 19:54:03.910021","Wednesday",19,5,"Billing",0
"0b174183-2d04-43f3-accc-7af789d28fe3","Melissa Thompson","2026-04-14 10:22:12.924916","Tuesday",10,38,"Service",1
"35563baa-6611-4a7a-ae0d-e2dd9dc309b9","Brandon Eaton","2026-05-13 12:33:42.617290","Wednesday",12,31,"Technical",1
"6f5603ce-603a-4aa2-9309-ce90396b2df9","Thomas Galvan","2026-04-16 09:32:14.152287","Thursday",9,36,"Technical",1
"fc160b06-7bb9-4a87-b5b9-431fbe0ee5a8","Danielle Macdonald","2026-01-04 09:42:34.562273","Sunday",9,26,"Service",1
"0b50b0eb-2f8f-411a-80d5-b5736998c0e8","Randy Mcdowell","2026-02-23 05:29:32.062060","Monday",5,12,"Service",0
"6d610e9e-c90b-471d-93b3-a9563bc57409","Kristin Torres","2026-03-18 11:01:36.610205","Wednesday",11,13,"Technical",0
"0393dbb4-cc89-4dd8-9b90-b372b9ad43cd","Tammy West","2026-03-20 00:29:46.647904","Friday",0,15,"Service",1
"0c424134-2f46-423c-b4b0-64c622a56730","Catherine Jones","2026-03-17 15:10:41.405337","Tuesday",15,31,"Technical",0
"bb1297f9-56c8-42ae-8d44-605912cfa57f","Claudia Cervantes","2026-03-18 07:04:14.204710","Wednesday",7,12,"Billing",1
"91237467-b0ef-4a92-89e8-99c72f46dda6","Christina Young","2026-04-10 15:30:39.256507","Friday",15,47,"Billing",0
"0d26d67f-8c03-4f37-8fdd-e17ce1a447f0","Sabrina Rice","2026-01-10 17:28:25.125463","Saturday",17,6,"Technical",1
"903bbfc1-4485-4aa9-b8b2-15acc480c90e","Dwayne Walker","2026-03-04 07:17:35.712922","Wednesday",7,4,"Account",0
"3a882a4e-9875-4ba7-aec3-97b6a4084ec3","Timothy Miller","2026-03-26 02:21:24.732143","Thursday",2,6,"Technical",0
"cebb3e49-21f0-4a64-a524-7d3d227f4a14","Richard Wilkerson","2026-02-26 10:57:53.330108","Thursday",10,30,"Service",0
"3c2a94dc-8cef-4d68-a49f-d7b99cbb00f0","Tyler Kidd","2026-04-23 04:10:37.705487","Thursday",4,2,"Account",0
"cd25ee8d-658b-4cbe-9411-b8975542334a","Melissa Kerr","2026-03-22 08:04:52.423576","Sunday",8,11,"Account",0
"a228e8ff-9033-40c2-8660-65055ceadf6b","Scott Noble","2026-04-14 05:41:43.412877","Tuesday",5,14,"Technical",0
"cc2950a0-8549-44e5-8995-f00440c3261e","Mark Campbell","2026-01-17 12:52:56.475734","Saturday",12,32,"Account",0
"6b3fe144-02da-4c0c-beb7-cb3a6b31a2a7","Michael Bell","2026-05-02 09:54:24.367787","Saturday",9,26,"Service",0
"9090187e-ce3e-4dc8-bb2b-1c71691058cc","Kelly Peck","2026-02-09 01:30:44.039833","Monday",1,10,"Service",0
"66794910-7d2f-4179-a8b7-2e67eb32dc99","Charles Tyler","2026-05-16 11:42:25.047026","Saturday",11,35,"Account",0
"f5859beb-2c0c-4ba7-a038-2882edc52029","Eric Thompson","2026-03-09 06:23:06.661258","Monday",6,17,"Account",0
"3f9d5300-db93-4701-9fda-2c213b0da4e3","Kendra Good","2026-03-18 21:31:06.437508","Wednesday",21,9,"Billing",1
"a8afc37a-de1f-4b96-96c6-9fb50748a421","Emily Lopez","2026-01-06 05:54:30.835540","Tuesday",5,11,"Account",1
"88a1b9b2-1cea-40e6-b961-7709ac7409c6","Rachel Avery","2026-01-02 00:54:06.481681","Friday",0,19,"Technical",1
"1d0eb147-dd0f-4ee0-aa6c-518cef07403f","Jacob Cohen","2026-04-12 12:47:04.976956","Sunday",12,18,"Technical",1
"42c2ed7d-4411-48a1-8af0-5657d989c5cb","Jasmine Norris","2026-04-20 07:57:47.035661","Monday",7,26,"Service",0
"64e77dd0-cac5-40dc-98cd-e7cd352ba432","Miranda Ryan","2026-03-16 15:19:42.848476","Monday",15,41,"Account",1
"c447fdaf-6f39-49c4-9f49-6b348c1c765d","Jesse Mcconnell","2026-03-26 08:15:49.862224","Thursday",8,13,"Technical",1
"01b866b1-fe0c-4c4b-96d3-394714217f7f","Rachel Cannon","2026-04-09 12:54:26.113176","Thursday",12,41,"Service",1
"272504ab-e0fb-4c94-be1d-b488429d5889","Lisa Dickson","2026-04-29 05:25:14.671952","Wednesday",5,3,"Technical",0
"991beab9-6929-4cdb-9073-b21ba7a9da88","Randy Carroll","2026-05-09 07:27:44.124409","Saturday",7,4,"Billing",1
"2b63f0e0-a90b-4f98-a9c4-34b7694acdb7","Jamie Frazier MD","2026-04-08 05:59:22.327794","Wednesday",5,15,"Technical",1
"c79fea61-68d8-4c7b-83e5-6fb4c67556e6","Kristie Hendrix","2026-02-18 02:56:49.574543","Wednesday",2,4,"Billing",0
"ca55dda7-68ec-45e6-abf5-ec846ae9d1d3","Jeffrey Scott","2026-02-17 13:22:39.574056","Tuesday",13,20,"Billing",1
"edfe22e3-9321-459b-adb2-65f0378019e7","Connie Kemp","2026-01-29 04:37:44.394269","Thursday",4,14,"Account",1
"e58ced7f-fbbc-4e43-91ae-da636e51b53d","Judy Reed","2026-02-18 06:23:27.263405","Wednesday",6,7,"Account",0
"817db46c-2c5b-4cf7-87fd-117c574c8f6f","Danny Ruiz","2026-01-31 20:56:47.240716","Saturday",20,14,"Service",1
"12f83e2c-9550-40c5-ae18-bfbd73c3eca0","Amanda Cortez","2026-04-29 13:10:39.647201","Wednesday",13,11,"Technical",0
"24fb4fa6-1f8e-40f9-8398-3c499794b6ec","Jack Stout","2026-05-15 20:46:41.859494","Friday",20,27,"Technical",0
"1d7f5835-c1c3-428a-be96-a67f8e2b772e","Jose Hart","2026-02-11 15:03:19.015509","Wednesday",15,30,"Account",1
"9a0c3093-dbd7-482c-b956-b95bd4a695b6","Charles Jones","2026-02-14 09:09:24.341340","Saturday",9,40,"Account",1
"a9fcfa40-5486-4029-86a9-a99b73967e48","Erika Davis","2026-04-11 00:03:21.403378","Saturday",0,9,"Billing",1
"17ea98e9-4271-4a9e-b88b-7659f9b6efbe","Angel Murphy","2026-02-19 22:35:03.214268","Thursday",22,12,"Service",1
"68a58c71-43c9-419b-8134-52b696b2849c","Tami Zamora","2026-04-06 07:28:43.553904","Monday",7,15,"Billing",1
"a4108971-67c2-498f-ac5a-31ed10983a82","Douglas Hicks","2026-04-14 14:37:32.936457","Tuesday",14,32,"Service",0
"a5d41d05-1948-4aa2-9c02-1f28cde91661","Amy Ellis","2026-05-14 19:27:39.317527","Thursday",19,3,"Billing",0
"16c91fc5-2799-440b-98db-ba12d7ea02d4","Susan Ross","2026-02-22 04:19:44.682720","Sunday",4,14,"Billing",1
"abf58bd1-bdf3-4f76-8473-cacac44e758f","Amanda Ramirez","2026-03-10 22:58:03.682847","Tuesday",22,6,"Technical",1
"1f591a61-c006-4d93-8a4f-098fbb815a04","Kelly Murphy","2026-04-05 02:55:14.289112","Sunday",2,9,"Billing",1
"d69e1d17-7a49-4551-a2f4-ce3a83ffa273","Denise Owens","2026-02-14 06:03:01.435323","Saturday",6,5,"Service",0
"43759692-2fa8-457c-a707-3b8d09f85d99","Eric Moran","2026-04-21 17:00:31.745185","Tuesday",17,7,"Billing",1
"c8b08049-1af1-4513-a32f-4bc37fbfb081","Mr. Allen Hurst","2026-03-17 08:08:57.515638","Tuesday",8,10,"Billing",1
"e378e98a-8181-4457-a5c5-c67da2a0e840","Donna Wade","2026-01-27 07:38:06.377896","Tuesday",7,7,"Service",1
"8257802e-11f5-48f0-839d-accf60ce1e08","Haley Smith","2026-01-15 08:43:06.502580","Thursday",8,10,"Service",0
"91b04cec-90a7-4a5f-8391-97725ad6faa0","Barbara Chambers","2026-02-17 13:32:16.753754","Tuesday",13,12,"Technical",0
"9f93cdb0-b5dd-4479-97d3-5a8077508cf0","Veronica Woods","2026-04-06 10:42:20.702451","Monday",10,45,"Technical",0
"e3f623f5-d101-4ce8-8cdd-e6dda30d2e29","David Travis","2026-01-01 18:49:50.212175","Thursday",18,13,"Service",0
"fad60c9a-9013-43dd-b4c8-3f19cbaafe91","Christopher Wright","2026-01-01 08:52:42.208125","Thursday",8,15,"Service",0
"e16869a3-0c9d-44ee-8c8c-eb2c9cc441cf","Sara Campbell","2026-04-19 00:03:51.559333","Sunday",0,14,"Service",1
"9c45b99d-43c8-4c6b-aa19-624146269ed9","Joseph Allen","2026-01-18 19:48:39.580034","Sunday",19,3,"Account",0
"aef1b2b0-aed0-45d1-a42d-785152e4d76c","Jasmine Hernandez","2026-04-20 21:08:05.492467","Monday",21,16,"Billing",0
"f524f143-a75a-4a74-b1b0-df3b718df122","Amy Mccarthy","2026-01-07 02:45:13.020682","Wednesday",2,9,"Account",0
"7571a07e-a7f5-431e-8bc0-f12315a544ba","Emily Mills","2026-02-20 13:12:18.972154","Friday",13,33,"Technical",1
"ddff89b6-56e1-4dfe-919e-8cf54dd07ebb","Barbara Thompson","2026-04-09 06:50:49.756313","Thursday",6,3,"Service",0
"2ee95047-844b-486c-a5d4-d4e0a5816691","Calvin James","2026-01-31 10:56:14.032296","Saturday",10,37,"Billing",0
"ed2794e5-ecad-49a4-9ed0-9f211aaa5fff","Briana Green","2026-03-15 01:13:03.681814","Sunday",1,6,"Account",0
"4c3268ea-1bf6-4a44-8156-e3a082b4ad36","Vanessa Ramos","2026-02-01 23:22:13.022124","Sunday",23,4,"Account",1
"d58385cb-72ee-4943-87fe-0731232e53f4","Cynthia Hutchinson","2026-01-11 04:33:01.913256","Sunday",4,2,"Billing",0
"e14ebabd-3451-4624-b637-64226a495a9a","Jennifer Parker","2026-04-14 11:02:03.763350","Tuesday",11,34,"Service",1
"29c1337c-b386-43d8-ae1f-2be8317bf6db","Lisa Sparks","2026-03-19 18:18:06.784309","Thursday",18,11,"Account",0
"77466d4b-595b-4cae-b0ea-8699c66aff3b","April Estrada","2026-05-05 09:43:56.374620","Tuesday",9,40,"Technical",0
"53767a0c-917e-463e-9fee-2669bec6e48c","Miss Shelby Martinez","2026-04-18 10:56:45.451399","Saturday",10,31,"Account",0
"65ccd70f-4d92-44d7-b107-11cb1799b0fe","Katherine Johnson","2026-03-16 17:09:25.166867","Monday",17,15,"Account",1
"237e96d4-dbdb-4cca-a1c3-6b7c1b1ab07c","Emily Anderson","2026-05-03 08:40:42.464148","Sunday",8,4,"Technical",1
"e4dce306-e4eb-4a6f-ac37-2346bb0aca8d","Virginia Skinner","2026-03-13 17:03:26.139276","Friday",17,18,"Account",1
"73754ef5-2e7e-49b0-8faa-09b745dcd02a","Suzanne Sherman","2026-03-16 19:31:12.803275","Monday",19,8,"Technical",1
"0ecbcfba-f428-4568-bf0e-cced1d366e4e","Kevin Huber","2026-02-08 12:18:19.628914","Sunday",12,42,"Account",0
"dbb33e53-10eb-4f3e-8fa4-69c5535bf0ad","Johnny Hicks","2026-02-09 07:15:05.580033","Monday",7,24,"Billing",1
"9a23e728-9352-40f3-a970-3c31612323bf","Steve Barnett","2026-01-02 19:27:27.637275","Friday",19,24,"Billing",0
"b64827cd-9edd-4e5a-bc60-cdcd2f4d6daa","Miss Rachel Schultz","2026-01-03 09:02:21.234623","Saturday",9,10,"Billing",0
"7a4398a6-060b-44c3-bf79-f41aec314716","Chloe Dougherty","2026-01-13 19:49:46.588838","Tuesday",19,8,"Billing",1
"244dd3d1-9041-464c-ae83-efae0f6b451a","Latoya Dominguez","2026-04-13 22:24:53.227784","Monday",22,13,"Billing",0
"5890d0a1-0efb-48e7-ac34-83e2cdb00152","Jamie Frank","2026-01-14 04:16:36.349207","Wednesday",4,11,"Billing",1
"4a62bfab-470c-4d15-b097-186ed761dd9c","James Wilson","2026-03-22 03:09:44.539354","Sunday",3,2,"Billing",1
"551ef50e-77d7-491b-8962-8216f886c621","Jessica Phillips","2026-03-16 20:21:28.990907","Monday",20,17,"Account",1
"574e9454-0853-4aee-b80a-63a16fefa852","Matthew Sandoval","2026-02-28 18:08:59.328883","Saturday",18,11,"Account",0
"934c8925-81ba-4de9-ad1f-a8cf6b23fbe8","Tammy Chapman","2026-02-14 01:35:56.051245","Saturday",1,12,"Account",0
"7cd123fc-f1d0-4d50-9e92-cedee1fb56ef","Leslie Terrell","2026-04-11 18:05:51.831394","Saturday",18,3,"Technical",1
"6ba68391-b9ba-411a-847e-8b1ffde2d1f6","Nathaniel Johnson","2026-03-20 18:08:31.703718","Friday",18,20,"Account",0
"a53aef72-f006-4652-83c2-d74b424443b6","Rachel Bishop","2026-02-11 04:30:29.537163","Wednesday",4,4,"Billing",0
"bcaf56b7-4ddf-4d63-9cbf-820ff284c9ed","Charles Jordan","2026-01-15 10:25:06.779585","Thursday",10,28,"Service",0
"5130e6c3-e238-4d44-8cd2-c3326cd3b5bb","Katrina Berry","2026-01-02 20:46:17.761303","Friday",20,26,"Technical",0
"61f46ce2-391e-4d92-9ba7-8ed563ae8748","Michael Jenkins","2026-01-23 18:14:20.675330","Friday",18,13,"Billing",0
"c9d85c3b-8090-4ead-93b9-2f65e670d89c","Garrett Roberson","2026-01-17 03:05:07.854893","Saturday",3,10,"Billing",1
"f0829952-5e73-46ba-a007-788e56628cf7","Johnny Martinez","2026-04-04 23:01:22.484129","Saturday",23,2,"Account",0
"85fb92d6-e8be-4a23-b08e-32a3ae372045","Jillian Wolf","2026-01-27 15:23:36.162265","Tuesday",15,12,"Service",1
"97bbcacf-7d73-4af5-a20b-61214c24fa24","Cheryl Morgan","2026-01-19 21:53:53.623488","Monday",21,20,"Technical",0
"d009ce38-8e42-45dc-a1f3-ab5c3bf81fdc","Richard Ross","2026-04-07 06:37:58.614990","Tuesday",6,3,"Account",1
"80721ff3-8e15-4071-81cf-668764a2e740","Christina Bell","2026-01-30 14:38:47.610833","Friday",14,22,"Account",0
"a07b5425-f985-425e-a02f-b4501517172c","Kathryn Becker","2026-05-06 14:36:29.818902","Wednesday",14,13,"Technical",0
"d361f631-5b1d-4bf1-b588-1824a175f295","Theresa Wilson","2026-03-31 11:11:10.040773","Tuesday",11,34,"Account",1
"842cc890-a3f1-4ce6-91d6-a23997dadfaa","Joshua Yu","2026-01-04 09:13:14.319301","Sunday",9,20,"Billing",1
"c69fa058-ce87-4ee9-a36e-c90e810674e1","Jennifer Wong","2026-01-16 09:45:49.443089","Friday",9,20,"Technical",1
"c0016188-ef42-484d-8680-03332a8607a2","Heather Mejia","2026-01-24 06:52:25.818635","Saturday",6,12,"Account",1
"f05d2d64-ea93-4cfc-b00b-368e54be9ef3","Joshua Thompson","2026-02-19 12:17:52.249192","Thursday",12,18,"Service",0
"8d5f3b7c-1f57-4869-940e-b5ffac534aec","Lisa Dyer","2026-05-07 09:32:46.788659","Thursday",9,45,"Billing",0
"21cf22fc-04c8-4100-b7d8-6bc480f9189b","William Johnson","2026-04-10 00:28:19.762978","Friday",0,19,"Service",0
"15770cbe-7470-4879-a146-1f16910e7107","Hannah Shaw","2026-02-12 10:46:45.481988","Thursday",10,26,"Billing",1
"d316ef52-2ca8-40b9-b554-649823e7dff4","Christopher White","2026-01-11 14:17:05.859083","Sunday",14,15,"Service",0
"d77e59a6-e54a-4b2e-9912-594e23639dec","John Lee III","2026-02-01 07:17:12.975558","Sunday",7,8,"Service",1
"af77020f-e551-454e-ab3c-90928a36aa41","Jacob Smith","2026-05-01 15:06:46.875164","Friday",15,26,"Billing",1
"712ade88-0c96-42e4-a339-43159c364f32","Kristin Bates","2026-01-06 04:12:10.245546","Tuesday",4,7,"Service",0
"d8ec6b61-9141-4690-a79a-f736ed0b0ab7","Micheal Barry","2026-02-23 04:12:43.242943","Monday",4,19,"Account",1
"13c74c4f-0296-43e4-a35a-5a69c4d82466","Bonnie Solomon","2026-05-01 17:11:26.870939","Friday",17,7,"Billing",0
"69405e2d-84be-4daa-9e0d-a1917d197531","Maurice Sullivan","2026-03-14 10:27:08.361607","Saturday",10,30,"Service",0
"e61f0cfe-9a09-433f-a704-f07a75cac833","Barbara Campbell","2026-05-10 12:03:32.072175","Sunday",12,45,"Technical",1
"680e512b-1498-4099-9733-3041eee4e5e0","Tina Walker","2026-02-04 05:57:26.324155","Wednesday",5,11,"Billing",0
"414ebc42-589b-4183-ab86-668c178f9d30","James Woods","2026-03-16 18:10:11.780123","Monday",18,9,"Technical",0
"a6abcf38-5013-4394-91f3-78965831e46f","Omar Lawson","2026-04-28 01:32:33.207988","Tuesday",1,2,"Billing",1
"0ab29c08-f4dd-4b81-9537-1194507ac44b","Denise Garza","2026-04-29 20:27:59.220942","Wednesday",20,11,"Technical",0
"ec941e53-6265-495e-b16e-7e28cc5fcf90","Nancy Adams","2026-01-03 17:07:01.006070","Saturday",17,12,"Billing",0
"b1a8b9ab-398c-4443-87c5-2004f47b889f","Dylan West","2026-01-22 03:05:32.253518","Thursday",3,7,"Service",1
"88887834-76ee-43b7-9d7a-128ca6ed4d85","Donna Hall","2026-05-01 17:06:53.530995","Friday",17,10,"Service",1
"b6d138a4-6a87-4bcd-8544-ca7ab057fd64","David Jones","2026-04-01 15:45:39.061699","Wednesday",15,29,"Service",1
"73ff385c-e0bf-457b-9efa-1ee4af915dcc","Samantha Bright","2026-03-17 06:28:41.421457","Tuesday",6,8,"Billing",1
"e40d2d0b-1de9-4fb1-96dc-3568d044487d","Mario Collins","2026-04-03 15:04:57.868190","Friday",15,38,"Account",0
"ffd16772-155c-4249-b4c0-7a2d002a5a9a","Xavier Hicks","2026-03-05 04:36:18.135602","Thursday",4,8,"Account",1
"e2273471-0769-4567-a869-f1f06b7f3197","Michelle Mcconnell","2026-01-14 05:40:52.099678","Wednesday",5,10,"Billing",0
"a6e60d93-30a6-4ee0-8a97-b861067ac939","Tiffany Mckinney","2026-01-28 11:36:38.746900","Wednesday",11,10,"Account",0
"24e390d9-3290-42ec-a104-a7c1cbd37594","Tina Torres","2026-04-15 23:03:24.256351","Wednesday",23,14,"Billing",1
"e44688df-b7ba-4c70-8a18-f1ab434243fb","Sydney Pacheco","2026-04-07 13:42:16.384276","Tuesday",13,33,"Service",1
"75a82ba8-fc44-47a4-90a8-2ef209629aa8","Michelle Greene","2026-02-24 03:55:28.815594","Tuesday",3,2,"Technical",0
"5ccabff1-7a08-4bd5-9b00-8051b409646f","Patricia Brown","2026-01-09 16:46:39.844323","Friday",16,36,"Billing",1
"68b86dac-c1f2-41ae-b308-b0772afe8405","Lauren Sutton","2026-04-24 02:49:35.243060","Friday",2,20,"Billing",1
"fd8a6165-52b2-48ee-82e5-3e378f55886c","Michael Hansen","2026-04-29 07:18:31.722640","Wednesday",7,6,"Account",0
"4be48ff0-17e3-47c9-8837-16bcb563c7c5","Rebecca Turner","2026-01-14 07:00:09.443128","Wednesday",7,7,"Service",1
"1ae3dba8-50e6-4b65-99e2-b5072d36e20d","Nicole Nguyen","2026-04-24 06:05:30.960711","Friday",6,22,"Service",1
"1c8d81f1-7867-4719-8ae3-6916230ab062","Connie Wood","2026-01-12 10:37:40.058556","Monday",10,43,"Service",0
"0b1feb9d-c5c1-44d3-b32b-085ec051faff","Ronald Williams","2026-02-26 09:30:58.437933","Thursday",9,20,"Billing",1
"e0d5a10e-f71d-4fb3-a95d-ad3373ab15b4","Derrick Copeland","2026-02-25 05:43:26.902753","Wednesday",5,13,"Account",1
"fc90ea66-e00c-430d-af6e-a9c3672fcdcb","Jean Watson","2026-03-20 17:15:21.402675","Friday",17,17,"Account",1
"671e94f9-8dea-4759-880f-1a9458524dd8","Edward Edwards","2026-01-04 04:20:48.437674","Sunday",4,7,"Service",1
"a45ac8bd-fb45-46f1-947b-c2cd34b41fc8","Shelly Romero","2026-03-09 06:58:08.890065","Monday",6,12,"Account",0
"4017c7c9-6398-4a57-93fd-0da27d3b5e93","James Garcia","2026-04-04 18:42:20.470860","Saturday",18,2,"Account",0
"ee4c59d2-79d8-48ab-a260-f00040ccea2a","Melissa Harris","2026-04-28 05:19:04.488393","Tuesday",5,6,"Technical",1
"8e473779-1df8-4c53-ba38-10126cb09f1e","Noah Stevens","2026-03-20 15:14:22.332506","Friday",15,47,"Technical",1
"b6497b66-a243-4f18-b5c1-ec45b0cce9e0","David Lindsey","2026-04-13 09:43:26.651661","Monday",9,57,"Account",1
"2649ce1d-1ca2-426c-843a-5ddba7f222ec","Mr. Jon Hughes","2026-04-25 23:29:30.760308","Saturday",23,15,"Technical",0
"972c64c1-86df-4896-b946-687d1011c0c8","Casey Cervantes","2026-04-16 03:05:13.217803","Thursday",3,11,"Service",1
"39e08a08-3c29-4c07-9758-d46eea3bf5d8","Brian Stevenson","2026-01-29 00:08:10.074217","Thursday",0,10,"Account",1
"2480f189-8c94-4978-8bb1-801b703694f3","Jeffrey Banks","2026-02-02 18:44:31.041804","Monday",18,16,"Billing",0
"291d1052-b640-4814-9163-273513896532","Jessica Sanchez","2026-03-09 21:24:14.373458","Monday",21,14,"Service",1
"5f16be89-3a25-4e00-a18b-f2fb4bb493ca","Ryan Paul","2026-02-16 13:15:11.345582","Monday",13,45,"Account",0
"e135fbd1-6868-4369-a443-5892c1d2ed6c","Matthew Diaz","2026-03-20 19:52:25.094069","Friday",19,15,"Billing",0
"a1d73d40-9abb-4864-b8f2-5d6a6414d25f","Daniel Pena","2026-01-18 06:32:25.828044","Sunday",6,9,"Account",0
"26b35f92-5c62-41c1-a042-3e7b15cad193","Thomas Crawford","2026-02-12 11:31:09.760030","Thursday",11,26,"Billing",1
"7394267a-47c3-4ed6-94b2-e5bd190a196b","David Spencer","2026-02-17 09:11:07.661807","Tuesday",9,33,"Account",0
"2eff6cf9-3e6f-4f3f-ab4f-16935ddc16c2","Jeffery Ellis","2026-05-12 11:14:45.399799","Tuesday",11,27,"Account",0
"7c609210-ee30-4087-86d7-8ba6644acea4","Audrey Williams","2026-03-16 07:05:27.487138","Monday",7,25,"Account",1
"e5cadc3c-3119-4969-b75d-f59e320a8b46","Lori Miles","2026-02-04 00:45:36.209831","Wednesday",0,11,"Technical",1
"078396a2-03c0-49ce-bf44-552f639a4d2e","Jason Nichols","2026-04-17 03:03:31.825212","Friday",3,23,"Service",0
"7bc191b4-ce7b-43b9-b349-d36bdbaee5df","Roger Mitchell","2026-03-29 03:56:22.425682","Sunday",3,8,"Account",1
"83060141-4298-4e3c-9ad1-66d48fcdc11f","Thomas Gutierrez","2026-04-19 09:31:48.146828","Sunday",9,13,"Service",0
"21f06886-1eaf-4e24-96ce-b12be28ede4a","Mr. Micheal Perry Jr.","2026-04-25 05:28:10.699829","Saturday",5,13,"Service",1
"2c873f22-8758-49d8-be13-10b8f74c89bf","Kimberly Perkins","2026-01-01 12:06:09.245102","Thursday",12,13,"Technical",0
"83591f22-2064-4c34-89ef-11ffce3c4490","Kristi Howard","2026-01-16 21:51:04.034574","Friday",21,12,"Technical",0
"fffc0fe1-5246-4919-9cf3-456e36fe8e8f","Daniel Elliott","2026-03-02 05:32:35.703738","Monday",5,23,"Billing",1
"d3415948-21b6-49ad-8f21-79dfd2a46321","Amy Nunez","2026-03-05 18:43:05.934400","Thursday",18,12,"Technical",1
"2425516f-c98e-4933-962c-d698ace21433","Rodney Williams","2026-01-05 20:32:24.730507","Monday",20,17,"Technical",0
"ac32ad5a-6c6d-424b-be4c-7c961c588d88","Reginald Lopez","2026-01-30 22:40:12.430212","Friday",22,13,"Technical",0
"80b40de3-33bd-4d39-a6b3-0b42c3ebeded","Tyler Ellis","2026-05-16 11:56:30.384292","Saturday",11,30,"Billing",1
"c244a381-106e-4cec-a6ee-3b82e915961b","Lisa Baldwin","2026-01-29 15:59:19.369569","Thursday",15,29,"Account",1
"6d1fe998-7857-4d5a-a004-836a8608653a","Jesse Cooper","2026-05-11 06:44:11.089100","Monday",6,17,"Billing",1
"a7a5acbb-e417-488e-8046-fd31491025f4","Jamie Kramer","2026-01-24 16:24:51.475541","Saturday",16,28,"Billing",0
"49551a47-77cd-4f71-9872-45d10cf4efb6","Steven Smith","2026-01-30 10:42:44.889382","Friday",10,52,"Account",1
"f75cb757-7961-4825-b0e7-1fa392491589","Jennifer Holland","2026-05-12 22:25:51.674797","Tuesday",22,15,"Billing",1
"b964b70a-ce66-4e07-a2e2-2ca1d72ecf41","Maureen Bryant","2026-04-25 09:13:23.475794","Saturday",9,17,"Service",1
"f471d126-092c-4142-a05b-c9372d9ee32c","Amanda James","2026-02-28 21:31:49.827911","Saturday",21,14,"Service",0
"553c0abf-5c0c-404e-8b0b-f21071b13d98","Richard Jones","2026-01-16 07:06:17.728934","Friday",7,20,"Technical",1
"31fe704f-878c-4441-9cb9-371f211935cf","Michael Walton","2026-03-21 17:01:55.597339","Saturday",17,11,"Technical",0
"8bc5581e-a224-46f7-9f22-ffab6ad78f7f","David Gray","2026-03-16 10:41:17.507398","Monday",10,36,"Account",1
"26e0d6bb-156f-4317-ba80-65b447779bb1","Jason Blake","2026-04-22 19:27:49.811434","Wednesday",19,2,"Technical",0
"515cffd9-fec9-4b44-a7a1-5b062827de25","Austin Moore","2026-01-16 21:01:46.155496","Friday",21,14,"Account",0
"daedb0f5-1085-4695-86d2-ccf2c762912a","Carlos Lopez","2026-03-05 12:56:29.815113","Thursday",12,34,"Technical",0
"012000a3-fc49-4614-91bf-3db6ef488aa6","Fred Campbell","2026-01-23 03:07:55.695203","Friday",3,24,"Account",0
"6adebebc-278c-45f5-ab01-d4c8c457096b","Shawn Diaz","2026-04-28 05:41:15.645087","Tuesday",5,7,"Service",1
"9658f704-19ee-4e5a-acd2-0f5f98db19e1","Sheila Whitney","2026-05-16 21:34:12.590488","Saturday",21,15,"Technical",0
"bef47d09-f846-4bbd-9dc3-5f9cb35ea3ad","Tammy Walker","2026-04-22 15:31:03.600635","Wednesday",15,36,"Billing",0
"5002e71e-d665-47ea-ac59-3fd67cbc9a77","Stephen Jones","2026-05-07 15:56:53.399651","Thursday",15,36,"Account",0
"b5f5d693-a49c-415c-a65b-bd03f93bbeec","Seth Jones","2026-05-01 05:46:00.987699","Friday",5,16,"Service",1
"98dfe9f0-8fd9-49b0-a60b-135c4411c1da","Mark Wu","2026-04-19 14:37:28.095664","Sunday",14,44,"Billing",0
"6ac2b809-1d00-471f-87f5-42fc0a611ca2","Charles Montgomery","2026-02-24 09:12:00.774233","Tuesday",9,13,"Service",0
"0de8a69e-6f5c-4993-8ed9-1bbc30399c36","Lucas Jones","2026-01-16 11:51:47.872082","Friday",11,27,"Billing",0
"12115f09-6826-4082-add7-2243725c55b1","Jason Weber","2026-03-08 04:55:54.035614","Sunday",4,4,"Service",0
"8a92f874-f466-45b2-b32b-4504ae4264bf","Shane Sullivan","2026-03-15 14:48:30.892853","Sunday",14,14,"Billing",1
"1111da68-9057-4bb5-b5e3-f1685a59b520","Anthony Rivera","2026-03-11 18:48:56.247432","Wednesday",18,3,"Service",1
"cc9f05f3-5a8b-4c17-b9af-344f56e35830","Danielle Myers","2026-05-16 12:39:10.976239","Saturday",12,42,"Billing",0
"35e87ebc-b1e1-44df-8cf3-a6b72f078fad","Lydia Mercer","2026-02-27 07:35:18.230982","Friday",7,18,"Billing",1
"6bfaff85-873d-4643-9017-823fb6546890","Ashley Chavez","2026-03-02 10:33:45.347069","Monday",10,26,"Service",0
"748d6134-5b5d-498e-96ea-3e3b05d3b37a","Michael Clarke","2026-01-16 07:39:30.814426","Friday",7,19,"Service",0
"60c9c9d8-48a1-437b-8cd9-1764980bee02","Megan Adams","2026-05-16 06:40:43.569139","Saturday",6,10,"Account",1
"dfdf25c2-0a7a-4551-9914-a345c05ede82","Erica Hernandez","2026-03-30 10:02:35.084337","Monday",10,58,"Technical",1
"81495b1f-2b1e-49e6-b5ac-b51ae38292db","Lindsay Jones","2026-04-13 18:23:03.099773","Monday",18,20,"Billing",1
"e7397f74-bbd3-4efd-b5e4-fd448d690fe2","Jennifer Jarvis","2026-04-19 17:50:37.578594","Sunday",17,2,"Service",1
"04bc58a1-4cdf-47d3-b0f9-0e317ccb2524","Kathryn Weaver","2026-04-04 00:15:17.612905","Saturday",0,7,"Service",0
"c8349b60-74c2-4fe8-825a-a42c71333ab1","Danielle Moore","2026-01-15 22:30:46.902563","Thursday",22,13,"Billing",0
"475e1a5c-373f-4af8-840e-d84d11353399","John Copeland","2026-01-24 00:12:05.004624","Saturday",0,13,"Service",0
"85a4463e-5232-450d-87a8-3a6f84a4cb40","Anita Davis","2026-04-03 16:32:45.286549","Friday",16,24,"Technical",1
"54d2214d-a4aa-4b22-b49b-cfc39ecd88b6","Teresa Rose","2026-01-31 12:12:12.594847","Saturday",12,34,"Billing",0
"d4423978-e558-4234-9405-a0f13c856dea","Angela Hoffman","2026-04-21 08:03:38.350490","Tuesday",8,8,"Billing",1
"91733aa3-af7e-492d-b987-69614393220f","Douglas Wilson","2026-01-31 11:37:41.380560","Saturday",11,37,"Billing",0
"22dbf288-e7b8-4fb7-b284-9816059989e5","Carrie Mitchell","2026-03-29 08:43:07.271029","Sunday",8,8,"Technical",0
"0d5f4c5e-a62e-432d-9fd4-815c10028a57","John Tapia","2026-02-08 06:38:12.044287","Sunday",6,10,"Technical",0
"0a317ec2-46ab-4158-81bb-352e2b676e7a","John Henry","2026-01-17 07:43:00.013318","Saturday",7,12,"Service",1
"c5168b05-21b5-4938-ab3f-fb948436e72a","Katherine Trujillo","2026-03-22 03:16:38.043459","Sunday",3,6,"Billing",1
"c94a0d85-4b4d-412f-8f6e-2f3b7223827e","Emily Dixon","2026-04-10 18:44:49.773518","Friday",18,23,"Account",1
"56b57bce-d2ec-48f5-b21e-19a7c3e292a4","Stephanie Lopez","2026-03-28 06:32:35.643389","Saturday",6,14,"Billing",1
"c1e3f2f2-31fe-4eb7-9b26-c213b55163ac","Todd Castillo","2026-02-25 16:51:30.134582","Wednesday",16,25,"Billing",0
"858d77ce-efa9-4f3b-b943-c28446d842d7","Thomas Hernandez","2026-01-31 12:21:34.079335","Saturday",12,43,"Account",1
"62bbeb4b-c9d8-4419-8565-4da392069818","Steven Thomas","2026-03-15 10:10:01.039932","Sunday",10,34,"Billing",1
"6c9623c7-ef09-490d-bca4-3c071ff17afc","Megan Castaneda","2026-03-12 13:37:56.547873","Thursday",13,26,"Technical",0
"b71f04b0-59bd-4b89-bf36-9444ad83f3d3","Patricia Fischer","2026-03-29 03:08:02.396057","Sunday",3,12,"Service",0
"bd56a7d2-9210-4559-a1c7-585a61d38df7","Madison Flores","2026-03-19 23:33:42.932021","Thursday",23,13,"Service",0
"ae8c078e-6a2d-4bc4-882f-d754ff123897","Lindsey Burns","2026-01-20 02:53:50.070874","Tuesday",2,2,"Billing",1
"5efd7333-b86e-4bd9-a420-7bb7bd2a8685","Cody Olsen Jr.","2026-01-08 19:18:45.263530","Thursday",19,12,"Billing",0
"8c464e74-ba5b-486e-b97d-aaa87fe88258","Claire Meyers","2026-05-04 03:26:54.717336","Monday",3,17,"Service",0
"34c41152-db7a-4fa4-9fe7-62cfb740ca0e","Robert Foster","2026-01-03 04:14:08.775362","Saturday",4,7,"Service",1
"131c3a02-78d2-4208-98d1-502217f1818c","Edgar Oconnor","2026-03-24 15:41:04.189413","Tuesday",15,12,"Technical",1
"ac52e464-9ce7-4fab-b2ad-0b114a19f3ce","Vincent Taylor","2026-03-17 06:28:50.263526","Tuesday",6,3,"Service",0
"5fa69cff-f03f-4ea4-ad35-1da66735fdaf","Sara Garcia","2026-01-23 01:40:15.237750","Friday",1,20,"Account",0
"d8907e42-e3c5-484f-9cd1-99dfb473a4da","Linda Lloyd","2026-01-21 20:06:18.829296","Wednesday",20,9,"Technical",0
"d64b7c63-fb13-4032-970f-348d193e7b5e","Jason Garcia","2026-04-28 06:35:44.396164","Tuesday",6,10,"Service",1
"484d3b73-e694-4968-a8b1-cffe1aa8de53","Joshua Bowers","2026-03-06 00:56:29.504075","Friday",0,26,"Billing",0
"369a1090-8370-4b20-b0ed-58ef4b9372ac","Paul Parker","2026-03-15 05:55:23.530524","Sunday",5,9,"Billing",0
"e0169da6-532e-4996-896d-3da7e438c7d7","Marc Hill","2026-03-19 03:22:23.828880","Thursday",3,10,"Account",0
"f0ae64e9-b8b9-4710-a965-171d1b3d6f42","Raymond Park","2026-03-26 17:19:14.680574","Thursday",17,2,"Technical",1
"aa70a3fb-d6fc-4b86-9021-91df9e13fdbb","Heather Meadows","2026-03-14 19:26:19.553287","Saturday",19,6,"Technical",1
"c5817e91-927b-4bd4-8963-73f52e122fec","Eileen Hall","2026-02-04 14:44:46.368479","Wednesday",14,37,"Technical",0
"9d322add-d1e2-434f-b34a-144dfbd380d8","Clifford Luna","2026-04-12 15:11:57.712281","Sunday",15,31,"Service",1
"499d10da-fe97-4d6e-a917-2a1a24c9358a","Carlos Baker","2026-04-15 03:40:44.351801","Wednesday",3,12,"Billing",0
"65c87401-6e9d-4222-a8f7-7e03e6e32cc0","William Hernandez","2026-03-18 07:10:25.572204","Wednesday",7,13,"Account",0
"2e93b29a-01f4-4054-b4c8-5e00ec70e2a5","Jenna Ortega","2026-03-17 17:00:34.465830","Tuesday",17,9,"Technical",1
"c24d4904-8350-47b4-8bb5-550a18309c02","Paul Clark","2026-03-18 05:16:48.718613","Wednesday",5,15,"Service",0
"6053fb84-d72a-47e5-bbbf-13659887caf8","Brandy Watson","2026-01-31 07:00:03.894704","Saturday",7,6,"Technical",0
"4642e2e8-6c62-48e0-8177-f3ab1f9898e3","Alison Rodriguez","2026-04-03 03:00:07.696623","Friday",3,16,"Account",1
"2feb4452-9f7f-4dc1-a761-990bce437f69","Hannah Davis","2026-01-18 05:09:20.512407","Sunday",5,8,"Billing",1
"ff4140d7-ef6e-42db-bef2-a72b90160b7b","Katherine Pierce","2026-02-16 03:43:40.103360","Monday",3,25,"Service",0
"99d170b7-175c-4e72-acb1-54a5908110c5","Scott Clark","2026-04-15 11:01:26.269027","Wednesday",11,14,"Service",1
"78a7aac7-caa2-4efb-b818-0aae2258655e","Ashley Lawson","2026-04-18 21:57:07.336520","Saturday",21,6,"Technical",1
"fe6e2942-d07f-4d02-9498-f36db244fa19","Adam Byrd","2026-02-24 20:28:01.826189","Tuesday",20,11,"Technical",1
"46c27ebb-d14f-40d0-92ed-305281160f76","Michael Knight","2026-03-09 14:33:31.284068","Monday",14,48,"Service",0
"cfcab685-b868-4574-a2c0-b2174cb05d35","Robin Rogers","2026-02-07 02:19:09.767308","Saturday",2,4,"Billing",0
"b9b52181-3ec1-4fcd-8267-17a9bfc9cb53","Rodney Wright","2026-01-08 10:26:18.684233","Thursday",10,40,"Account",1
"6df458b7-5ea5-4dc1-994a-9a5d771fb661","Samuel Smith","2026-04-03 19:12:35.922906","Friday",19,23,"Service",1
"02bbdf37-d961-45e6-9ae2-90e0f75d193c","Tracy Murphy","2026-02-24 13:56:16.738633","Tuesday",13,24,"Billing",1
"289a17f9-74f4-4222-8389-27055a4ee9d0","James Ibarra","2026-02-23 05:19:47.195413","Monday",5,21,"Technical",0
"4097027b-314b-413f-addb-262bea5e067d","Shannon Johns","2026-02-08 07:56:36.282254","Sunday",7,13,"Service",1
"a28107fc-59a5-4b17-a6b7-095df06b1973","Kelly Farley","2026-05-14 20:27:09.210524","Thursday",20,4,"Billing",1
"595a565e-1579-4772-aec3-b3f8a95a7f0c","Timothy Rivera","2026-02-22 03:44:35.710653","Sunday",3,13,"Service",1
"6e9df61a-5697-4e49-abc2-8f20a3f7cfe1","Manuel Greene","2026-05-05 19:43:22.894826","Tuesday",19,13,"Service",1
"551dcb9f-9d38-47e9-ac80-2c5c093d6701","Audrey Nichols","2026-02-26 02:12:45.257159","Thursday",2,9,"Service",0
"1e8da9d2-ce34-4a6b-911a-7b4c3b1e5714","Eric Davies","2026-03-12 16:38:36.151134","Thursday",16,19,"Account",1
"e22f06d9-4bed-42ab-bee9-4ec2fde1b04d","Anne Watts","2026-02-10 13:22:52.498023","Tuesday",13,10,"Service",1
"41d41d57-a2bd-4c34-a5bb-dda1d8ed2552","Kevin Blackwell","2026-01-09 03:30:00.577979","Friday",3,14,"Service",0
"7cca4a2a-c4cb-40b1-a631-11ef7cdbad68","Tammy Grant","2026-05-14 13:28:26.849096","Thursday",13,28,"Technical",0
"94e09356-8a1b-47f8-9585-c5aa1726d7b0","Robin Burch","2026-01-22 06:30:40.081410","Thursday",6,13,"Billing",1
"e1fa1eed-e8c9-46a1-bd9c-374bb60fca63","Tanya Morales","2026-01-26 00:53:11.479500","Monday",0,13,"Account",1
"a14496e7-9223-4034-84cb-f4ebfb5a6055","Jacob Owens","2026-04-11 00:41:00.964141","Saturday",0,11,"Technical",0
"a8af3e62-ed68-45f9-b00f-ba44698863d8","Brittany Taylor","2026-02-11 13:45:24.712602","Wednesday",13,18,"Technical",1
"3dd10787-a343-45bc-b5cf-8011a3dcdddb","Brian Turner","2026-04-27 22:54:45.285093","Monday",22,15,"Account",0
"ae28a931-4a62-4bf3-8755-e4192637113c","Amber Martin","2026-04-28 15:08:59.951963","Tuesday",15,22,"Billing",1
"0fe1b4c6-ed5c-4140-83b6-a9e595a382ea","Gabrielle Wallace","2026-04-20 00:03:37.307917","Monday",0,20,"Service",1
"ae83bb14-372f-4517-a497-88acbbfb8600","Jacob Boyd","2026-01-16 13:11:41.601808","Friday",13,23,"Account",1
"1983f514-27c4-4ba7-92dd-523a27b256cf","Jordan Yates","2026-02-10 16:42:44.056212","Tuesday",16,26,"Billing",0
"b346a262-032b-427f-b44e-471c5de1651c","Alex Bennett","2026-05-03 11:56:05.784098","Sunday",11,16,"Technical",0
"653f6014-eaf5-4a68-8637-ea4e37863fea","Christine Guerrero","2026-05-17 05:26:57.980155","Sunday",5,15,"Account",0
"03f5b726-a8da-4acc-a0f2-561cd3e0a74e","Leah Davis","2026-03-17 12:57:09.064848","Tuesday",12,10,"Technical",0
"44e7942d-036d-4a68-81e8-052ae9a790d3","Wesley Morales","2026-02-05 01:49:40.580982","Thursday",1,9,"Technical",1
"c4fba7c9-5232-4a89-93f4-af2c157b82dc","Patricia Barr","2026-01-09 10:17:04.573883","Friday",10,42,"Service",0
"db6530e4-3627-483a-bdfe-44c6d6226936","Monique Smith","2026-04-21 23:59:35.011467","Tuesday",23,14,"Account",0
"3381a64e-6512-4c8d-b026-106f84a77437","Paul Pena","2026-05-06 17:00:19.934514","Wednesday",17,9,"Technical",0
"109a8368-918c-4f73-b922-cf8df01beecb","Troy Williams","2026-03-20 10:48:04.834591","Friday",10,23,"Technical",0
"2631d9f5-0c58-46ce-871a-8882e7913a9e","David Gray","2026-03-15 01:36:20.954813","Sunday",1,7,"Account",1
"b366e3c5-2c51-46b4-a695-3add6f7fe29b","Katie Casey","2026-01-16 07:56:26.547760","Friday",7,18,"Service",1
"c6dd00fe-c0c4-4aef-bf60-d380f306872a","Destiny Palmer","2026-03-31 23:18:13.026145","Tuesday",23,13,"Technical",0
"e82b44d6-21e7-48b8-a7c1-28d436c7baf7","James Charles","2026-01-22 15:34:27.184991","Thursday",15,28,"Technical",0
"8b15304a-ea8f-4e04-8013-ff5635d5f71b","Debbie Conner","2026-04-02 05:36:42.175021","Thursday",5,9,"Account",0
"0bbbbf6e-5c12-4fac-bffc-450a92be7d4a","Thomas Fuentes","2026-04-26 17:33:43.001321","Sunday",17,7,"Billing",0
"bac03293-e90d-4a8a-bfac-e492ef9201ad","James Gomez","2026-04-30 05:38:38.681422","Thursday",5,2,"Technical",1
"7a39b964-9f49-4b98-abad-fca5c4c2f023","Teresa Long","2026-02-18 07:23:27.357536","Wednesday",7,7,"Service",1
"1a16a5fb-8c49-43ed-a348-549e7efc8738","Robert Li","2026-04-25 19:20:33.878343","Saturday",19,5,"Technical",1
"655e8554-5c68-4bb0-8eb4-f2d4665ed0b8","Melissa Wise","2026-01-10 07:38:23.668581","Saturday",7,12,"Technical",0
"15e8d93a-76b6-41e9-8826-2094b6ec29e0","Crystal Allen","2026-01-10 00:31:30.275398","Saturday",0,14,"Service",0
"e3661d18-f477-47f8-97c1-c71156e9d7e5","Angela Shah","2026-04-18 10:49:29.853454","Saturday",10,17,"Service",1
"deb91b5c-7e66-4fc9-bdf2-29504c9c22d7","Gabriella Morgan","2026-02-16 10:52:21.456590","Monday",10,36,"Billing",0
"5c0f803d-8950-4047-b021-c16c0cdf9352","Stacy Mosley","2026-01-05 21:29:40.468431","Monday",21,13,"Technical",0
"143d11a6-beed-4a5a-94e8-8275949e8c0c","Jennifer Wilson","2026-01-29 04:18:33.625053","Thursday",4,14,"Technical",0
"20512146-d93b-4a24-8842-bc9a1c9fad16","Roger Simon","2026-01-17 05:23:48.762973","Saturday",5,13,"Billing",1
"5e230694-b119-4171-a52a-2079a9483060","Wendy Lam","2026-01-14 04:52:13.549541","Wednesday",4,7,"Service",1
"3eb73c3e-5f86-43a7-8a9f-dbfcb2d32a1f","Jessica Wade","2026-04-17 12:46:32.791068","Friday",12,24,"Billing",0
"f49d511e-028f-4153-a533-a8b5ac892dfa","Anna Mccormick","2026-04-12 15:48:26.659836","Sunday",15,20,"Account",0
"7ef1c2df-693d-4053-b777-dc82a6a10e40","Katherine Warren","2026-04-23 03:38:33.893448","Thursday",3,14,"Technical",1
"860eff36-c65a-4c86-bf89-cd8a135440d0","John Bush","2026-01-20 17:58:24.737271","Tuesday",17,9,"Billing",1
"05cbc7b1-9bc5-48c3-b4ab-1bc3a743911b","Joseph Estrada","2026-02-28 21:40:54.991023","Saturday",21,5,"Technical",1
"2dafb8b0-8fca-43d8-a79a-04590de1288d","Tony Torres","2026-03-26 14:55:09.586871","Thursday",14,19,"Billing",0
"5eb9ec69-858f-4289-a878-b6c4c0d24de8","Rachel Walker","2026-04-24 13:19:05.532517","Friday",13,39,"Billing",1
"3f3c3476-56e7-46fc-97f7-990addb6d7fd","Crystal Morton","2026-04-24 00:51:39.028516","Friday",0,20,"Account",0
"d049408f-eafd-48fa-84af-6ee4e801134a","Matthew Small","2026-02-09 07:23:34.909314","Monday",7,16,"Service",0
"dbeb3b2f-12b7-4fe8-81c0-f685bf48df3b","David Bryant","2026-02-28 07:35:51.450332","Saturday",7,4,"Account",0
"b0058901-53c6-4068-bd6b-79d3d73800b3","Nicholas Patel","2026-01-12 03:07:59.596885","Monday",3,18,"Account",1
"ba04592b-34f4-4473-bf62-162d0f773e80","Michelle Tucker","2026-03-15 05:57:14.763992","Sunday",5,10,"Account",1
"8781e950-332e-4e5c-b676-cd2f7b532aa1","Kelly Marsh","2026-03-01 00:33:19.799467","Sunday",0,7,"Service",0
"720f8e6f-42ee-4e16-a882-d156028494fe","Michael Rogers","2026-02-23 21:16:40.964513","Monday",21,10,"Billing",0
"12860a97-97c1-427a-b317-d1e6d53ab12e","Cassandra Lee","2026-04-16 15:55:53.439324","Thursday",15,25,"Billing",0
"9c0818f1-5141-4d8e-8f3d-50bdfed6fb24","Samantha Glenn","2026-05-05 04:54:31.172151","Tuesday",4,10,"Billing",1
"be03334e-869d-4b1f-a5cf-f21f4bec5e13","Katrina Conrad","2026-02-23 20:47:46.077735","Monday",20,16,"Billing",0
"bc4423c0-8337-425a-bb19-d7e41e002dfb","Kevin Vasquez","2026-05-17 03:37:09.432063","Sunday",3,2,"Billing",0
"ca414afc-bba5-480b-8fe9-91f20db0c2fa","Angela Price","2026-01-27 03:01:20.538204","Tuesday",3,14,"Billing",0
"f545b36a-f831-4f5f-a2ac-3e6465cd0077","Jennifer Bryant","2026-04-25 18:47:30.884743","Saturday",18,6,"Billing",0
"cc04dd3a-14f7-4e96-b684-9e46a65de38b","Tyler Santiago","2026-03-04 16:54:00.991566","Wednesday",16,34,"Technical",1
"553aa542-9ca1-4566-8afb-17339816e8f0","Amber Bullock","2026-02-24 08:34:32.545746","Tuesday",8,10,"Account",0
"423ae8a6-9188-426e-a578-abf8f78c49ba","Brandon Hughes","2026-01-01 23:27:22.618467","Thursday",23,2,"Technical",1
"431d1ee6-c193-4b3a-a6a9-9ea48300a5cf","Jesse Mckay","2026-01-23 16:08:40.202891","Friday",16,49,"Billing",1
"9c602d45-2ba5-4a64-81bc-7dc79b74f2af","Lisa Lynch","2026-02-05 16:45:01.108706","Thursday",16,13,"Billing",0
"91ab90be-61fa-43aa-81a7-faed02bb0cf0","Billy Peterson","2026-01-25 20:07:04.051664","Sunday",20,8,"Account",1
"64a0dd62-0540-4e53-acd7-39929e3fec37","Ryan Brown","2026-04-19 00:56:14.124196","Sunday",0,2,"Billing",1
"3454528c-0924-4d4d-a3fd-6ea0c9d49434","Michael Thompson","2026-02-07 07:46:34.712949","Saturday",7,9,"Technical",0
"2cf52de4-5aba-4316-8647-3ab71096a2b8","Debra Ayala","2026-01-18 09:24:47.536242","Sunday",9,11,"Technical",0
"4196410b-2b2c-45af-9c47-8f75248048b9","Kevin Parker","2026-03-14 19:37:02.735344","Saturday",19,2,"Billing",0
"00e3f47d-d545-4038-a51c-b19075058755","Mr. Daniel Jacobs","2026-03-10 01:10:24.656412","Tuesday",1,14,"Service",1
"091b08d5-7f05-47f6-9047-9672d7aefea9","Caroline Powell","2026-03-11 06:25:20.454481","Wednesday",6,15,"Technical",1
"d137254d-e0c8-4ff2-92e3-4f628fa01f5a","Autumn Mills","2026-03-05 16:10:02.625000","Thursday",16,19,"Account",1
"038a4aa2-7749-4eb5-a976-4a45551de7a6","Nathaniel Hunt","2026-03-21 15:28:31.657951","Saturday",15,23,"Service",0
"03aea5d7-1b82-4c9f-ab5e-8a327fa4323d","Miguel Thomas MD","2026-03-14 21:54:51.804106","Saturday",21,4,"Technical",0
"4a902393-bd72-4794-87b9-a7c50c98c572","Matthew Smith","2026-04-16 19:12:18.619717","Thursday",19,2,"Technical",0
"8b40bc4b-230c-4d84-ac33-19c3857109c7","Adrian Terry","2026-02-19 18:19:42.986243","Thursday",18,2,"Technical",1
"593c6599-b54d-4184-9910-71e73f42ac3d","Tammy Davis","2026-02-06 06:54:08.861516","Friday",6,11,"Service",0
"5cd24d01-25f9-481f-8028-3dc4bb1762c9","Edward Murphy","2026-03-27 08:03:08.708557","Friday",8,21,"Account",0
"7e9b5404-f413-49c0-84a0-921e5105cccf","Lisa Woodard","2026-05-05 14:32:36.382513","Tuesday",14,24,"Service",1
"92f47716-5aa8-49cf-b39b-c2b653dde0e2","Patrick Brown","2026-05-11 13:08:01.007856","Monday",13,38,"Billing",0
"4e8967b6-a008-49aa-98c2-09c082797077","Robin Peck","2026-04-05 20:57:06.750012","Sunday",20,6,"Service",1
"a6ac1955-43a8-4907-b702-66d099332a32","Brittany Ward","2026-03-04 17:15:11.309731","Wednesday",17,7,"Service",0
"b5ea9547-a681-4150-8838-5ca02ddecffb","Sarah Torres","2026-02-11 07:04:46.458508","Wednesday",7,2,"Billing",0
"7fe898aa-7263-4321-a564-82678671a926","Victor Callahan","2026-05-02 08:57:35.415535","Saturday",8,15,"Service",1
"29b3ea32-bf15-4d37-80ea-a85eab0d0229","Amy Butler","2026-01-15 07:51:24.946471","Thursday",7,6,"Billing",1
"8578ed11-e071-48b3-a8cd-2d3f3750006f","Sandra Hester","2026-01-10 00:06:45.616448","Saturday",0,10,"Service",0
"369f554b-d9c3-43f5-998d-896afcff8635","Heidi Torres","2026-04-21 17:31:05.221973","Tuesday",17,5,"Technical",1
"08fafe9c-569b-4408-a167-7d1ed0128b33","Jamie Davila","2026-04-26 17:12:41.105740","Sunday",17,2,"Service",0
"7175a0fa-6299-455b-aa31-396d35f3c5b0","Gordon Mills","2026-05-12 21:39:32.297712","Tuesday",21,6,"Service",1
"10d7656c-f69c-4f7d-8889-74e37a505347","Emily Jones","2026-03-23 09:12:51.822106","Monday",9,38,"Technical",0
"1a8afec3-f4b8-4c66-8cb9-157e2ab705ea","Jody May","2026-01-09 09:48:29.265301","Friday",9,19,"Service",1
"caef3aa0-2344-4c02-856d-85c6e2945fab","April Young","2026-04-20 23:58:13.598854","Monday",23,13,"Account",1
"62f541f7-09c5-4ace-aa7d-70edef65c94a","Andrew Keller","2026-05-07 07:11:26.226031","Thursday",7,7,"Service",0
"a3c5ccbb-e329-409e-9a35-d5d2f311bf40","Mitchell Thompson","2026-02-09 19:30:58.221621","Monday",19,19,"Service",0
"2d91fb99-52ab-4041-9cf1-6dde0b41c3af","Tiffany Ray","2026-01-11 00:35:15.267140","Sunday",0,12,"Technical",1
"fd503748-cddb-44f0-82ae-5c9c836370a0","Michelle Roberts","2026-03-04 13:03:59.803542","Wednesday",13,45,"Service",1
"7c9d774e-fa2e-4716-9a8e-c047ce2e0b1c","Anthony Ward","2026-04-22 00:48:27.915405","Wednesday",0,12,"Billing",0
"7f85b81d-ce51-4412-80b6-8d06429de620","Gregg Brown","2026-03-11 18:06:52.935047","Wednesday",18,9,"Billing",1
"6fd1b897-5669-4241-b194-15690afc3397","Thomas Mercer","2026-01-17 13:43:41.452065","Saturday",13,28,"Service",0
"21058918-345f-4d05-aa87-2a31ea47c824","William Wilson","2026-03-29 18:44:02.946749","Sunday",18,14,"Billing",1
"50c43be7-1aca-4e7b-9865-476d63ca0b47","Karen Hickman","2026-05-11 15:13:59.532079","Monday",15,41,"Billing",0
"15693e5b-9439-49fe-8fda-f963ecb0ae4b","Gina Soto","2026-01-15 03:27:51.879392","Thursday",3,12,"Technical",1
"828ac412-2d2a-40ff-9dd1-d9ba231c1c2f","Theresa Frye","2026-02-23 04:25:33.227997","Monday",4,21,"Technical",0
"9072d479-6398-4099-8831-4f91583a2b46","Kara Munoz","2026-03-20 04:36:55.662817","Friday",4,19,"Account",1
"3775c943-f468-4b0a-a761-d90f486e3607","David Martin","2026-01-22 22:56:07.075239","Thursday",22,7,"Technical",1
"96e49759-5a44-45d6-ad2f-79566234a29e","Mark Newman","2026-02-11 15:34:22.619481","Wednesday",15,33,"Technical",0
"33b1e574-5372-433e-b9bb-f1c2dc5ab55a","Michael Rodriguez","2026-04-06 07:25:04.556473","Monday",7,20,"Service",1
"c75a83fc-7251-4159-a0e5-70c441072bd7","Melinda Cole","2026-04-17 20:39:26.265208","Friday",20,24,"Billing",1
"7356fd46-af74-4ed6-859d-e429c80250de","Catherine Li","2026-04-01 11:32:59.347656","Wednesday",11,45,"Billing",0
"7f6c60d7-e63e-4bfe-900e-7f4638326f22","Eric Frazier","2026-04-26 19:22:33.920732","Sunday",19,13,"Technical",1
"0149c3c4-541c-4443-aafe-af0f17b26fc9","Meghan Barber","2026-04-17 01:27:17.738369","Friday",1,21,"Service",0
"6c8aabf0-a11f-4ccc-b845-0caa9ba6a1f4","Damon Cooper","2026-04-21 16:05:55.299587","Tuesday",16,17,"Technical",0
"b628b55e-fef2-474b-a445-379afd4877ae","Rebecca Hoover","2026-04-14 06:59:37.100840","Tuesday",6,14,"Service",1
"a1712888-225c-473d-90c3-436ed24fc1c5","Robin Gould","2026-05-17 10:31:08.988352","Sunday",10,30,"Service",0
"ddf9ccbf-a1ab-4734-bbd5-f99833670060","Jason Campbell","2026-05-06 16:07:18.766046","Wednesday",16,37,"Technical",1
"11db7e16-28f3-40f7-aea1-a6a0dacd190a","David Carrillo","2026-05-10 22:16:28.777997","Sunday",22,5,"Technical",1
"e35a6082-91e4-4be9-91a2-c880873b3839","Kenneth Parsons","2026-03-25 18:37:02.075267","Wednesday",18,15,"Technical",1
"aecebc62-5e7d-4874-a664-f6bdd6db11ab","Christian Williams","2026-01-19 04:32:02.565765","Monday",4,9,"Account",1
"60d8e608-fbe7-43a3-8e9c-4780b286ebd7","Mr. Timothy Robinson","2026-03-06 18:51:48.235013","Friday",18,8,"Billing",0
"a9923a1e-5960-4eb8-86a3-03722dcaa9d4","Joann Maddox","2026-02-18 22:22:07.100358","Wednesday",22,12,"Technical",0
"f4bdda1b-27c0-45ea-9a78-9f7178a75796","Steven Johnson","2026-02-05 07:59:47.454126","Thursday",7,8,"Service",0
"0c52ded9-b77a-4af0-98cf-08180867a9cb","Toni Blanchard","2026-01-22 05:22:15.194076","Thursday",5,9,"Service",1
"622a3d26-a421-4360-85bc-0d5a0aee9d1e","Cheryl Greene","2026-04-03 01:05:52.770115","Friday",1,16,"Technical",1
"c2185bd7-1597-43a1-8f70-0d6ce4f6ee14","Martha Harper","2026-04-20 21:14:31.749113","Monday",21,18,"Technical",0
"d7eb0694-50c7-4c20-8a30-3248b78553fd","Paul Anderson","2026-04-23 11:47:40.966969","Thursday",11,19,"Account",0
"de8682bd-1a50-48fa-9251-9ceb74eddc67","Steven Peters","2026-03-07 13:42:35.540554","Saturday",13,30,"Technical",1
"22a83f60-e81e-42aa-baba-bd0072d80e8e","Patricia Wallace","2026-01-25 18:38:56.973296","Sunday",18,10,"Billing",1
"607b7d4a-51cd-4876-9804-ef8572b8b6b0","Logan Mccall","2026-02-14 06:58:35.694603","Saturday",6,9,"Billing",0
"8a78bf23-b28f-4037-a29a-30ec0a00e4ae","Daniel Wilson","2026-01-13 01:04:21.141072","Tuesday",1,5,"Account",1
"1308c147-e18b-4a1c-b7b8-e90bd238220b","Dr. Sara Rivera MD","2026-01-03 06:11:18.656000","Saturday",6,12,"Account",0
"4a72c7a9-cfe8-4da7-9791-2c8cb901ee8f","Sheila Moyer MD","2026-05-01 05:27:49.756785","Friday",5,21,"Technical",0
"b6dcbd9c-f1d7-4e98-8d75-7c08ec681a94","Anna Brown","2026-03-30 02:06:32.481563","Monday",2,23,"Account",0
"09a64026-24c4-46e0-afc7-3de677291e87","Brenda Walker","2026-05-05 09:15:14.221186","Tuesday",9,26,"Service",0
"5aab7a55-9340-419e-9a77-64200ca1b7be","Thomas Johnston","2026-02-26 18:22:22.221907","Thursday",18,15,"Account",1
"faca1ad1-ff10-4b7e-abc9-ec20c26b0050","Holly Johnson","2026-02-20 17:40:45.600285","Friday",17,22,"Service",0
"56279d61-512c-488d-beae-58ff68fecea7","Susan Gray","2026-01-01 06:01:26.071199","Thursday",6,6,"Account",1
"cd48be39-5b1f-4972-a447-674e2ab8275a","Ryan Campbell","2026-04-12 01:27:14.051774","Sunday",1,14,"Service",0
"baf80361-8c30-446e-a4e0-dd3c99dfc454","Benjamin Walker","2026-04-10 11:21:30.198219","Friday",11,50,"Service",1
"dc468690-87ba-478b-b20b-82dd43049fbd","Kathleen Harrell","2026-01-13 06:25:33.169259","Tuesday",6,6,"Service",1
"fed86f2b-f369-4bda-a142-d207ae5a3c96","Brooke Graves DVM","2026-04-28 15:49:32.342560","Tuesday",15,27,"Technical",0
"116b335b-bba8-403d-a593-62109ce0d2e1","Brittney Maxwell","2026-01-28 06:03:09.363653","Wednesday",6,9,"Service",1
"bfa2b065-1ace-4694-91f2-ca4808a3e518","Marie Valentine","2026-01-17 09:55:09.750627","Saturday",9,14,"Service",0
"5fd4ba09-17e4-4be6-80fc-f04c3ddc5738","Kevin Estes","2026-01-24 18:31:46.278870","Saturday",18,9,"Service",1
"ff606f1b-e25d-4b67-82b0-c85e03a03a1b","Troy Rodriguez","2026-01-23 21:08:37.541074","Friday",21,20,"Service",0
"aacc44e8-cd35-468b-8dd0-289e026f7fa9","Michael Jefferson","2026-03-08 08:56:16.042317","Sunday",8,12,"Billing",1
"da1d362c-2499-42bf-86a8-e93c892d6ab9","Stephanie Thompson","2026-02-25 22:15:28.721291","Wednesday",22,2,"Account",0
"9a2442e4-9777-4fdc-a24c-69b28334b311","Jessica Davis","2026-01-30 19:34:35.553674","Friday",19,25,"Account",1
"fa27c4cb-a481-4faf-91f6-1268e23e8b79","Steven Williams","2026-02-15 01:46:41.501005","Sunday",1,14,"Billing",0
"a944c591-9699-4953-bc6f-f338dde0d74d","Nicole Shaffer","2026-04-14 23:52:11.198952","Tuesday",23,14,"Technical",1
"596218b4-39cb-48b8-9b40-9be77260e745","Heather Price","2026-03-04 15:01:05.591094","Wednesday",15,32,"Technical",0
"3f4cc9cd-2bb7-41db-9baa-ee5684b59a7a","Michele Ford","2026-02-25 07:03:55.996410","Wednesday",7,12,"Service",1
"278a16b1-115b-4b04-ac8a-f15d524593ef","Jean Phillips","2026-02-04 18:21:41.447784","Wednesday",18,10,"Technical",0
"78043a0e-30df-4e8e-8460-6cfd8d608fef","Lucas Romero","2026-04-21 01:16:28.317596","Tuesday",1,7,"Account",1
"cd906402-f47f-4abd-8356-231f9610b6c0","Sarah Johnston","2026-01-08 00:18:32.250911","Thursday",0,13,"Service",1
"dc79649f-8eb4-4231-81ba-0995b628adc6","Samuel Brown","2026-01-24 19:38:55.521404","Saturday",19,8,"Billing",0
"ce17cd54-3163-4d3e-9841-b7bfe7b3d877","Jamie Norris","2026-05-11 03:33:29.480499","Monday",3,18,"Billing",0
"5004bbce-b788-4888-86ee-bd0247c13032","Haley Pineda","2026-01-10 19:30:41.626004","Saturday",19,7,"Billing",0
"f4117c02-84fa-4a49-8180-abddf4c75dd2","Gregory Foley","2026-05-07 07:26:23.848450","Thursday",7,6,"Billing",1
"b51d6359-d0f6-4826-a32f-cf52f5923add","Heather Cooper","2026-04-02 08:47:10.891083","Thursday",8,13,"Service",1
"8e99c13a-65d4-4d53-a6db-06c7951729c5","Michelle Turner","2026-01-15 05:44:41.686214","Thursday",5,2,"Service",1
"4b93b015-ad26-4026-bd06-16713fa74b99","Daniel Moore","2026-04-14 11:26:45.517048","Tuesday",11,16,"Technical",1
"c3295c28-c33f-4beb-83b6-22a03ea3d866","Gina Pittman MD","2026-01-19 16:17:20.698573","Monday",16,22,"Account",1
"618add71-1889-4d4f-8c3e-8dd011b91c79","Ashley Skinner","2026-04-14 16:26:28.658074","Tuesday",16,23,"Technical",0
"b738882e-5c60-4d48-ab09-d73b3b8cef3d","Angie Hodge","2026-04-11 12:50:39.942177","Saturday",12,22,"Account",1
"714af6ce-f515-47fb-910a-9ae4e53e1282","Christian Alvarado","2026-01-22 22:27:58.916521","Thursday",22,14,"Service",0
"b1c33f1c-c1fe-4e5a-8e98-558427efef60","Derek Hodge","2026-02-18 16:24:45.286089","Wednesday",16,13,"Technical",1
"948a945a-ee37-4385-8247-95a53bcab77d","Kimberly Baker","2026-04-05 18:56:34.945302","Sunday",18,2,"Account",0
"03ce495f-8ce6-45bb-b31c-1605eb1f8b73","Brenda West","2026-03-08 06:40:01.260768","Sunday",6,14,"Service",1
"43e5ce26-0eeb-4bb6-bef6-85c2ea6b12e4","Rick Carlson","2026-01-05 11:29:42.851980","Monday",11,58,"Account",0
"a5f86624-6559-47fd-9bf4-7b225bdc1e73","Stephanie Johnson","2026-01-17 10:35:29.846202","Saturday",10,34,"Technical",1
"a2e715d4-4e21-4cf2-b8f3-f30e3a10158d","Carrie Rodriguez","2026-02-16 23:02:18.409857","Monday",23,17,"Service",1
"90e410b5-4603-4e18-bf03-cf87667f5641","Taylor Hale","2026-04-02 13:58:10.984734","Thursday",13,28,"Billing",0
"5a838a10-295d-43ec-8c0a-29ca4957ba82","Lisa Ellis","2026-02-14 13:39:50.796690","Saturday",13,27,"Technical",0
"7dd00b08-d962-4c4b-8429-5e21ea71d36f","Cheryl Chen","2026-03-22 06:43:32.493416","Sunday",6,9,"Account",0
"1aaafb33-0a0a-416c-8599-f34ef22a0d55","Gail Johnson","2026-01-14 21:49:09.836397","Wednesday",21,9,"Billing",1
"5c6f9300-b1a4-4855-a77b-b6c8157761f7","Robert Rosario","2026-02-05 22:59:15.917695","Thursday",22,15,"Account",1
"8d454b55-cb6b-48f4-a281-96b7db0013eb","Marcus Shields Jr.","2026-01-15 06:55:16.764948","Thursday",6,10,"Account",0
"c37a19e6-186f-4217-8a48-290a354b9614","Jennifer Johnson","2026-04-16 17:16:26.612583","Thursday",17,13,"Billing",1
"4daa7553-d8b9-4f39-a180-883273bd149e","Dawn Stark","2026-03-29 01:55:19.055051","Sunday",1,9,"Technical",1
"f8c4ce5d-89b7-40d3-b295-9de00363ea0e","Dr. Alicia Harris","2026-03-07 06:50:44.046443","Saturday",6,2,"Service",0
"62a8eb71-89e3-455f-80e1-c7f21c905481","Clifford Black","2026-05-08 13:15:07.046270","Friday",13,31,"Billing",0
"c236f872-a8a1-4258-8fcd-f0434fb4322f","Erica Johnston","2026-03-13 10:34:57.486901","Friday",10,27,"Service",0
"46e02a21-cb77-475e-97e0-3928f715a6fe","Jacob Murray","2026-04-23 12:28:49.293322","Thursday",12,33,"Service",0
"07a54e4b-308b-42bd-ab8d-478d9d9aa61b","Thomas Robertson","2026-05-05 09:36:05.399838","Tuesday",9,35,"Service",0
"7b3441f2-cd88-4912-8696-6b636f806158","Jodi Hughes","2026-04-18 13:54:03.072308","Saturday",13,32,"Billing",0
"27eb310b-c1f9-42b4-b887-b8ab4f4ef337","Jonathan Lester","2026-02-16 20:10:49.300138","Monday",20,26,"Billing",0
"508741c6-5577-453c-a8c3-0b88559321af","David Lopez","2026-04-27 23:02:25.406349","Monday",23,17,"Billing",1
"3ee276c3-a36e-4f27-a619-4e805c1b11c7","Jennifer Oneill","2026-02-17 17:22:52.746006","Tuesday",17,8,"Account",0
"897b5cd4-7d98-435d-8c1f-f868eb214a31","Teresa Bradley","2026-02-18 13:03:38.947069","Wednesday",13,13,"Technical",0
"2e3f340b-f404-48c5-b8d2-a68e5a78dcd2","Jennifer Henderson","2026-05-05 22:57:32.488628","Tuesday",22,6,"Service",1
"eff8e9f7-4a61-48b6-8b47-e87feb651e1c","Crystal Klein","2026-01-19 15:10:29.059164","Monday",15,39,"Service",0
"5b1cd5fe-0b4a-4149-b8f9-d0cab81f33cf","Mandy Chavez","2026-01-15 20:13:19.440749","Thursday",20,4,"Technical",0
"1d85ee10-90fc-4fc8-ba91-e023daa27172","Brenda Duncan","2026-04-19 11:34:32.456253","Sunday",11,34,"Service",1
"56546ee0-a6c9-477d-8c32-29a7f93fb2b7","Erika Lawrence","2026-02-28 03:50:20.146982","Saturday",3,5,"Technical",0
"a88b03f3-adae-4117-a882-5ec20c71e12c","Christine Vasquez","2026-01-18 11:15:16.692791","Sunday",11,38,"Account",1
"1f4329fd-1abd-4cfd-a24b-76e268209dcb","Douglas Hamilton","2026-04-24 18:49:32.101686","Friday",18,19,"Account",0
"11f4b8ef-7376-4a27-959a-7a11a4580d30","Michael Berger","2026-03-30 05:42:44.708676","Monday",5,28,"Account",0
"5d8cfe29-2c60-4831-8f3c-66bb9b5c8db0","Danielle Thornton","2026-02-15 15:07:35.302037","Sunday",15,34,"Service",0
"bf155de4-a0ca-4eeb-8435-b88bf7854d53","Kelsey Carpenter","2026-03-27 16:43:30.765653","Friday",16,20,"Account",1
"7d191856-86f2-44f5-9524-6a4c8aa4f7bd","Cory Pham","2026-01-09 19:55:43.077420","Friday",19,20,"Service",0
"0619dd56-5254-4b4c-be54-c935f30ff329","Rebecca Walsh","2026-03-27 08:10:07.432897","Friday",8,8,"Service",1
"28ee763b-da71-4c5a-81fd-8c086e078302","Benjamin Knox","2026-01-17 08:19:50.011024","Saturday",8,4,"Billing",1
"dc0ea3c8-cfbd-4eed-a4d9-0e399a21eb5c","Randy Thompson","2026-05-12 04:24:42.295135","Tuesday",4,15,"Technical",0
"b1c4038c-0c59-4fc2-b86b-1540f5b6a796","Christina Hawkins","2026-02-26 18:51:52.656532","Thursday",18,11,"Billing",1
"fd210319-9590-45e8-ba52-42d26b63b2a0","Christina Flores","2026-02-27 17:07:41.720780","Friday",17,12,"Technical",1
"beee24ce-ca7f-4578-b856-4919a0096a05","Angelica Hernandez","2026-01-14 00:21:18.300104","Wednesday",0,2,"Technical",0
"26d6f825-2ba4-491d-b376-331fff9a6f15","Vicki Wilson","2026-03-15 09:55:42.606664","Sunday",9,34,"Technical",1
"be2df1e2-be6c-4c2b-a98f-ad4621e8907f","Daniel Fernandez","2026-04-28 07:32:34.754522","Tuesday",7,10,"Billing",0
"8fbaf312-8f92-4296-b24a-20ec2253f904","Karl Gomez","2026-04-18 21:12:12.937239","Saturday",21,15,"Account",1
"67596683-872c-43cb-8a05-10a8e44ec40a","Lindsey Thompson","2026-05-13 12:52:21.821326","Wednesday",12,40,"Technical",1
"04f68afd-3b0e-4501-a616-6f64f381d704","Robin Johnson","2026-01-26 01:17:03.669956","Monday",1,30,"Technical",1
"05aa76cc-0102-4179-b4d8-b0bb0559cf2b","Angela Zimmerman","2026-04-26 21:04:03.561090","Sunday",21,15,"Service",1
"0ef3db00-435d-4710-907e-4bed6d644962","Allison Valenzuela","2026-05-16 16:24:53.640260","Saturday",16,27,"Service",1
"dc605f22-a39b-4a07-b753-8aa750de344f","Travis Delacruz","2026-03-21 13:49:03.177273","Saturday",13,45,"Account",1
"7da274d6-d42f-47e9-a279-1b4e46577b11","Maria Mckenzie","2026-04-14 17:16:59.139783","Tuesday",17,13,"Technical",0
"7c9cd66f-93d0-4a7f-b1ce-e94a0e1deb69","William Hale","2026-03-25 02:10:47.755353","Wednesday",2,2,"Technical",0
"819fc81d-6d79-45ed-9745-9c9535e6a917","Tyler Mills","2026-01-21 15:12:48.092382","Wednesday",15,31,"Account",0
"e08dc47a-13e9-4b77-ad20-713b4e15af3f","Zachary Douglas","2026-05-03 02:52:37.932714","Sunday",2,8,"Account",0
"fe407c39-43ad-42aa-8925-26286f3d589b","Jonathan Williams","2026-03-24 12:43:45.998240","Tuesday",12,26,"Technical",0
"0705c3f5-75b6-4af5-97ee-2c72825bca6a","Susan Fuller","2026-05-14 23:20:45.025373","Thursday",23,12,"Service",1
"52494aca-258a-4f13-91c5-2dcc894dde5d","Antonio Reyes","2026-03-23 23:43:28.572765","Monday",23,19,"Service",1
"d881a62e-78ca-4f16-8c7a-35d439cbcf76","Patricia Harper","2026-02-25 13:52:39.174532","Wednesday",13,41,"Billing",0
"2db28ce3-88a6-4262-9341-caa5aeaae490","Donna Thomas","2026-02-10 03:38:57.977860","Tuesday",3,9,"Technical",0
"b8a5a2d4-b0ca-4eb2-9ca9-bd7a66cb39c4","Lisa Hart","2026-05-12 19:40:26.626123","Tuesday",19,11,"Technical",0
"618d7811-2147-460d-b9fb-f329b11a0d78","Todd Tran","2026-02-26 23:37:39.603161","Thursday",23,3,"Service",1
"1236032c-d8b3-4d93-bca5-e0d7c0b6e248","Karen Carney","2026-03-02 15:17:57.090606","Monday",15,32,"Service",1
"f71ef800-18c9-4a58-b14a-b3e3b21fb333","Edward Bailey","2026-01-19 13:09:58.653014","Monday",13,23,"Billing",0
"6d38e229-bda3-45c1-bba3-b537521e8df2","Tara Moyer","2026-04-12 05:26:49.565371","Sunday",5,12,"Billing",0
"c575de93-84a0-4fca-8266-ca024c7dda8e","Jesse Garrett","2026-03-06 00:10:02.824406","Friday",0,18,"Technical",0
"68293edb-c7f8-470e-a99c-d72bb9252034","Joshua Brooks","2026-03-05 16:19:43.573509","Thursday",16,25,"Account",1
"f4c179b1-28a5-47eb-bc3d-8445f3165b5d","Janice Rodgers","2026-03-02 22:32:08.995838","Monday",22,13,"Billing",0
"9eeddf34-f2f8-491e-ae82-e53516b2ee21","Brandy Middleton","2026-02-20 18:38:29.249256","Friday",18,26,"Technical",1
"35f01781-4a60-478f-95b3-ddde0263348e","Carol Clark","2026-02-07 00:11:25.135965","Saturday",0,2,"Billing",1
"6f6433ea-2bf1-4db4-b9c6-e9e27693b3ac","Beth Barrett","2026-03-04 00:26:39.758914","Wednesday",0,12,"Technical",0
"8a496aab-f3ca-4c36-bb0c-bf00af9f39ff","Brian Brown","2026-05-07 09:19:20.022610","Thursday",9,13,"Service",0
"4b12ae97-e027-4f22-9f64-eeac854fb269","David Smith","2026-01-27 16:01:18.654080","Tuesday",16,38,"Account",0
"30f2a69d-2a50-4492-94ac-66d7088854b2","Willie Schwartz","2026-04-13 06:42:54.471513","Monday",6,22,"Billing",1
"0966b92d-ac13-4895-b431-1ea813293627","Jessica Hughes","2026-01-11 02:13:37.620779","Sunday",2,3,"Service",1
"e10c81db-82b7-41aa-94a5-eac18033ed59","Dennis Rice","2026-01-03 06:32:57.514436","Saturday",6,2,"Technical",1
"d422a757-d561-4e34-94a8-f5a53c98f498","Kristin Kim","2026-02-09 15:17:04.876503","Monday",15,48,"Billing",1
"d6a48089-3a41-4412-8858-19ef3596afd8","John Stephens","2026-02-14 21:51:16.406035","Saturday",21,10,"Billing",0
"dfb8d26e-4216-49c8-a11a-aea6db697d3b","Alyssa Boyd","2026-02-05 08:21:18.004848","Thursday",8,12,"Technical",0
"fa546610-4e79-4627-8d99-a571525eaf59","Brendan Gentry","2026-01-23 05:30:39.578033","Friday",5,13,"Technical",0
"4baffcd7-40b8-48c9-b9b1-d8748617cbe1","Richard Mays","2026-01-30 06:30:59.838103","Friday",6,8,"Technical",1
"a5ba523f-2cd2-446d-aab2-09289a21cabc","Alicia Marquez","2026-02-06 04:42:34.630209","Friday",4,18,"Billing",0
"7619a7ec-04ac-415f-8be6-9034352e6226","Brandon Flynn","2026-03-23 17:39:59.213956","Monday",17,10,"Account",1
"4cb3a917-3644-4117-8474-9ec3379d5980","Lisa Ross","2026-03-03 02:25:22.167288","Tuesday",2,11,"Technical",1
"42d61404-6ed0-4f65-af1f-71c5b8dd5f94","Denise Melton","2026-01-17 08:47:18.353739","Saturday",8,12,"Technical",0
"33b88214-561a-4ed7-aea7-d2a4169eba90","Stephen Soto","2026-03-04 07:48:42.833069","Wednesday",7,11,"Technical",0
"1f75d11b-57ea-4017-919d-207180bed4df","Kimberly Davis","2026-05-13 05:56:57.831413","Wednesday",5,15,"Billing",0
"dd450ff4-e6f0-452a-85be-f6aafccb64e4","Jose Greer","2026-04-07 05:14:01.135823","Tuesday",5,14,"Billing",0
"aa170f7d-ef70-46a9-a8b1-7ddf0d229538","Diane Mayer","2026-02-25 08:46:37.690642","Wednesday",8,13,"Service",0
"c1999fc7-676e-4b80-a9fd-8e9b13ecb038","Dr. Lori Wolfe","2026-01-17 14:23:12.948405","Saturday",14,41,"Service",0
"991a2cbc-6805-4409-b65b-af5592ac5292","Yolanda Jones","2026-01-09 17:23:10.958719","Friday",17,29,"Service",0
"452de1de-8c21-48e8-81f6-810439dde881","Gary Guzman","2026-02-17 03:29:29.669770","Tuesday",3,5,"Account",0
"1a71dd7e-88c5-4783-9bdf-36130d3fe350","Kelly Liu","2026-01-04 14:36:59.761686","Sunday",14,19,"Billing",0
"a9e08195-c676-4c7a-b818-64f9b6e83ca6","Valerie Mathis","2026-04-29 17:48:47.530521","Wednesday",17,11,"Technical",0
"b4013d67-5ebd-4a69-9198-66a2fa732ab7","Michael Hoffman","2026-01-16 17:45:22.365636","Friday",17,28,"Technical",1
"ee7c6b2c-d339-4b61-a5f2-bf03bec5a126","Timothy Marquez","2026-04-01 13:50:31.018556","Wednesday",13,44,"Billing",1
"467ad42a-c9ea-4d87-91c6-de6b929846f2","Helen Moore","2026-01-26 01:12:40.285772","Monday",1,18,"Account",1
"c2abd8da-06e4-43b3-a387-5eb4ef7f5e68","Danielle Tucker","2026-04-28 11:12:55.187202","Tuesday",11,31,"Account",1
"48064dc7-d0c8-42b9-a69b-3ee19068633c","Haley Mills","2026-02-07 21:54:52.423569","Saturday",21,13,"Billing",1
"a2bd9ebd-bfd5-431d-9d63-c4a15bd91863","Jasmine Reed","2026-03-09 16:52:42.951637","Monday",16,34,"Technical",0
"0591d928-853d-41d6-ae1a-a4f4f711c18f","Brett Gregory","2026-01-18 23:04:48.537958","Sunday",23,14,"Technical",1
"09999d26-c2bd-45cc-b41d-ee1f5d78b923","Taylor Stone","2026-04-18 08:04:38.734489","Saturday",8,3,"Billing",0
"ff334b20-dc0e-429f-8f9d-60fb2edd8911","Michael Williams","2026-03-07 03:45:58.456445","Saturday",3,6,"Technical",0
"679b6be5-6617-4997-8a0b-3b6750e848d4","Meghan Roberts","2026-03-07 14:25:45.137068","Saturday",14,33,"Technical",1
"6d58263b-97a0-41fd-bcad-f07a8c5b4c01","Adrienne Sandoval MD","2026-03-03 07:07:29.052261","Tuesday",7,5,"Service",1
"eef8c765-ee7d-4da2-80de-5ae80165d8a1","Amy Williams","2026-02-03 04:24:03.527945","Tuesday",4,8,"Account",1
"affae854-12f8-4304-ae2f-88faa1b2c659","Julie Bird","2026-03-23 10:28:04.988596","Monday",10,35,"Account",0
"cbf56ed7-e1fe-4170-867e-9d51125f79f9","David Brown","2026-04-23 16:25:34.753897","Thursday",16,38,"Service",0
