id,name,timestamp,day_of_call,hour_of_day,wait_time,issue_category,resolution_status
0bae5c46-dacf-4b53-b794-e2e0a826d73f,Anna Miller,2026-01-01 13:51:20.055790,Thursday,13,20,Account,True
eaa84957-63dd-4ec2-89f6-9ad781038c79,John Hogan,2026-04-09 06:37:18.611238,Thursday,6,4,Billing,True
a36f36cd-7334-42e5-b7c1-d0a2d39cf813,Jacob Davidson,2026-01-12 01:19:35.115973,Monday,1,24,Account,False
983dde1e-9598-417e-bf03-cdd107091d82,Belinda Aguirre,2026-05-10 16:59:09.774630,Sunday,16,26,Service,True
2c547454-c014-495e-a411-4fe0e9300d5b,Patricia Hickman,2026-03-01 02:25:09.924321,Sunday,2,7,Billing,True
d3a78945-a50b-4098-8566-327d93515c55,Randall Villanueva,2026-02-21 08:47:26.908558,Saturday,8,7,Account,False
dda0da85-d352-4389-90e4-38ae711d19b7,Mr. Eric Jackson,2026-03-22 09:30:14.016383,Sunday,9,19,Billing,True
07d59eee-f7b9-4a59-ba5a-b06768be0228,Kenneth Hall,2026-04-04 13:09:30.656467,Saturday,13,14,Technical,True
68400b94-b7e4-4be9-847c-2a3d6f18b6a8,Jessica Murray,2026-03-01 14:37:57.442688,Sunday,14,32,Technical,False
546e40f1-638f-41b2-8378-eff11022235e,Matthew Osborne,2026-01-30 03:48:50.185548,Friday,3,17,Service,True
152738be-3d20-4462-9d8a-d4da7e661d57,Paula Wyatt,2026-02-10 22:40:31.128335,Tuesday,22,6,Billing,False
8109c81b-8fc2-4641-9b8d-0702fcc7c830,Derek Pham,2026-04-07 18:16:25.835767,Tuesday,18,4,Account,True
98c2aec8-ae7a-42db-bc4c-737dee3afd43,Terry Wright,2026-05-01 07:33:52.476810,Friday,7,27,Account,True
6b1ced1e-4625-4d98-b838-267c097e2e10,Hayden Higgins,2026-01-02 14:13:03.149252,Friday,14,32,Service,False
3a524166-1f02-4b4d-9f0a-34278f4835b7,Tyler Collins,2026-03-23 05:15:06.145811,Monday,5,18,Service,True
8f3d58ae-1130-4d87-b874-fb6502ed45b9,Mark Ware,2026-03-14 06:05:11.931287,Saturday,6,7,Account,True
b705dc93-7812-458a-a956-0bf4122cba63,Kimberly Richardson,2026-02-20 00:36:15.798797,Friday,0,23,Billing,True
54299423-120e-4caa-8e3a-726ea831fad3,Daniel Moore,2026-04-02 02:27:39.350073,Thursday,2,13,Account,False
bfd20418-1a60-4235-bfa1-ff8f6a4ddb42,Jeffery Schmidt,2026-04-17 01:56:51.905864,Friday,1,18,Account,True
1f5aa6ef-49dc-44e3-af28-a8768245e886,Jennifer Watkins,2026-01-12 23:11:18.104975,Monday,23,17,Service,False
a448bb5a-0494-4e2c-adab-c12fab4f8a5d,Kara Carter,2026-03-11 16:13:50.211686,Wednesday,16,14,Billing,False
70a25431-7bd1-49a9-864a-140e8269bc28,Brittany Neal,2026-02-23 12:00:10.110577,Monday,12,43,Billing,False
8a9a930a-5239-4491-b0fb-c5846d9d1d70,Jasmine Navarro DVM,2026-01-25 17:16:40.821727,Sunday,17,13,Technical,False
0800dd9f-f6d7-439e-bdf3-4b76f06731b3,Kristina Klein,2026-04-02 13:26:22.703603,Thursday,13,11,Technical,True
6e2b1af9-96e7-4efe-b17a-2542c531d085,Laura Cohen MD,2026-03-01 09:00:56.785501,Sunday,9,16,Technical,True
72df1b18-e43f-4ade-9e79-5b5fba9c1937,Thomas Cunningham,2026-05-17 19:04:08.962078,Sunday,19,2,Service,False
4c63537d-cb53-4acd-8d7e-9b295527c140,Jennifer Thompson,2026-02-22 03:34:15.020339,Sunday,3,6,Billing,False
4ca3ba7b-85f1-4c2b-9c87-3d6dc7fe09dd,Shannon Baker,2026-01-13 02:05:31.203929,Tuesday,2,2,Technical,False
6d80ee9e-8278-4799-afa7-c49efd83a698,Morgan Hernandez,2026-05-15 07:02:32.594732,Friday,7,10,Billing,False
6bf62d55-475c-48f9-8e92-4f18f9958100,Samantha Reynolds,2026-03-24 00:04:36.399991,Tuesday,0,10,Service,True
f44253ac-e489-4b08-b2eb-fa5a16f531a4,Sarah Hall,2026-02-01 09:59:05.599001,Sunday,9,38,Account,True
6ced6b22-4b46-468f-ba11-afe77e8f91e5,William Robinson,2026-02-25 02:15:27.958824,Wednesday,2,12,Technical,False
5bf0f2ea-8b38-4d4d-bc3d-8f39b46436ea,Maria Johnson,2026-03-18 09:56:21.032022,Wednesday,9,19,Technical,True
d1a129f7-d0ba-4db8-93e0-0bca03931931,Crystal Bowman,2026-04-03 17:57:01.161718,Friday,17,19,Technical,True
810efe3c-fce5-44eb-ac04-af90ebac2c40,Christopher Soto,2026-03-19 23:15:49.512915,Thursday,23,5,Service,False
5674e1c0-e4d0-44da-88b0-112e8f67fe21,Dennis Long,2026-04-11 19:49:00.324090,Saturday,19,4,Account,True
9fca0ca6-be16-466b-86c0-57d83427f645,Harold Davis,2026-02-27 18:15:19.735627,Friday,18,20,Service,False
d6c292b9-24c5-4796-a558-b3f32e51fbc8,Tanya King,2026-03-22 14:00:49.310957,Sunday,14,33,Billing,False
daf403bc-6a9c-4d06-9bfd-2fb9f0c49a8d,Becky Spencer,2026-02-20 10:18:43.589938,Friday,10,59,Technical,True
b1072f8a-adbd-4aca-ae91-9c466de76b04,Lauren Reyes,2026-01-04 23:53:04.630417,Sunday,23,10,Technical,True
f70a0380-cb73-49de-8b4a-89753d0a4ca9,Sarah Singh,2026-01-25 09:59:49.218900,Sunday,9,29,Billing,True
e7474523-5b94-4efa-bb1b-b60cb73309a7,Brian Stone,2026-04-18 07:47:26.055782,Saturday,7,7,Account,False
9788f62e-9d72-4138-a70f-8f7d7aa22d2c,Haley Dixon,2026-01-31 01:17:53.477219,Saturday,1,13,Billing,True
bc166dfd-b2b5-44f5-8eb2-cc5b2b33effa,Jimmy Rice,2026-05-07 13:00:43.158167,Thursday,13,40,Billing,True
ed3585fa-4458-44e4-b682-3a78a8bc339d,Tommy Chavez,2026-02-03 16:32:52.005977,Tuesday,16,28,Service,False
5041acd9-0c85-4f4d-9229-7ef972bed252,Tiffany Meyers,2026-04-15 02:57:09.855616,Wednesday,2,8,Service,False
2fde378e-0286-4dbb-88bf-eab250684007,Tammy Morgan,2026-01-18 05:40:58.456489,Sunday,5,4,Service,True
6d3220a8-1e59-493b-9025-fcfdbae27122,Katherine Taylor,2026-01-24 05:22:17.146842,Saturday,5,2,Service,False
71720d91-c99f-4f2f-a12f-ea3f9fd76a38,Ashley Herrera,2026-02-21 13:55:11.610199,Saturday,13,43,Account,False
8172ee1c-0fd9-494c-9054-b35d0c436bb7,Donald Jenkins,2026-03-06 14:50:32.871472,Friday,14,51,Account,True
ffc1db24-5513-49b1-9d74-349c9798c452,John Hall,2026-02-10 18:37:31.401129,Tuesday,18,14,Service,True
ab284aeb-f993-4cb7-aaa9-482f01165102,Samantha Francis,2026-02-04 15:58:47.768630,Wednesday,15,42,Billing,True
9d85d0e2-3a5d-49c7-99fd-4d60989f8f4c,Jeffrey Hart,2026-02-13 16:12:27.795421,Friday,16,23,Technical,False
efb6ac5e-434e-486f-a393-f52504837386,Steven Brown,2026-01-03 13:24:37.009355,Saturday,13,20,Account,True
e607485c-b481-4bdf-98b4-c215028cf145,Tiffany Torres,2026-02-02 20:57:55.935195,Monday,20,23,Billing,True
4a32f12d-5dab-4083-b0fb-fb9117461297,Daniel Meadows,2026-03-01 07:56:00.129850,Sunday,7,5,Billing,False
aae3ae79-1d40-4816-ac1f-3e1c0fe820d1,David Kennedy,2026-05-02 04:10:36.593699,Saturday,4,11,Account,False
9b730701-7309-4b43-acea-a6c89ec349e6,Victoria Duncan,2026-05-09 07:25:26.509647,Saturday,7,10,Technical,True
5eeda914-e900-4f01-b714-6f0fd22605b8,Michael Nguyen,2026-02-25 06:30:28.505032,Wednesday,6,8,Service,True
89f89aec-24ba-4e31-9263-7d2d018b80c4,Angela Cox,2026-04-27 16:18:21.086231,Monday,16,49,Billing,True
9af05e34-9669-465e-9287-eccd86c3dbd1,Melissa Mitchell,2026-04-11 16:51:13.426532,Saturday,16,12,Billing,True
c2d6ad67-19d4-486e-bb11-75d9ebc02ad5,Lori Harding,2026-05-03 03:27:38.487915,Sunday,3,6,Account,True
11efd717-669a-40dc-9d7e-1dd02b8baccd,Nicholas Mcmahon,2026-01-19 21:26:23.241215,Monday,21,14,Account,True
02d0bd4f-3173-4e20-b643-efd9569594cb,Tammy Gutierrez,2026-04-10 01:42:58.899984,Friday,1,18,Billing,True
5bce8427-5e28-427d-a596-e06bba5aabc9,Jill Glass,2026-05-01 22:18:23.093397,Friday,22,17,Service,True
1f6a6d5d-a2d1-4b00-9fa3-967c3c26c423,Eric Hall,2026-01-19 04:04:58.199137,Monday,4,15,Service,False
e25d49d3-5201-4c53-b966-adc2de4a9d84,Christina Bailey,2026-01-24 04:19:43.749121,Saturday,4,9,Technical,True
81d96b7c-973e-4edb-be1f-48517448c300,Kevin Sanchez,2026-03-22 04:10:29.847171,Sunday,4,14,Service,False
0e9f8711-a126-433b-ac60-33f3cf38bacf,Amy Jones,2026-01-05 13:00:12.149056,Monday,13,52,Service,False
6a36d680-afee-444a-a0a5-e8d752bfd46b,Melissa Armstrong,2026-02-08 14:17:21.628541,Sunday,14,25,Account,False
12013a96-e52e-4e3e-988c-222d5b0e2f3a,Stephanie Brock,2026-03-20 23:27:52.435339,Friday,23,15,Technical,True
66fadc54-0d6b-4805-9760-76b812bac5dd,Andrea Solomon,2026-04-15 05:57:20.474568,Wednesday,5,4,Billing,False
bf7830ae-49c5-4a33-bc33-26d000574e38,Pamela Guzman,2026-02-06 17:43:19.622466,Friday,17,23,Account,False
4eea061e-4b16-4ac3-950c-c046d4debc27,Jonathan Johns,2026-01-03 23:53:55.058189,Saturday,23,10,Service,True
4031e448-a90c-4446-b166-a42105fcf83d,Evan Barron,2026-04-26 07:23:57.302532,Sunday,7,5,Billing,False
cc15c781-74ff-4af1-b675-14e836dff7ea,Regina Nash,2026-04-07 01:37:47.265296,Tuesday,1,7,Technical,False
f31fcfa1-6e42-4d33-9596-49574fb4b72f,Jeremy Jacobs,2026-05-18 00:59:48.680798,Monday,0,15,Billing,False
65e2b66d-fdf4-4e8c-b08b-e4cb2912d6ae,Amy Sampson,2026-02-13 02:00:02.849878,Friday,2,22,Technical,False
ae8bbccd-e540-48b0-a71a-23dc843b2900,Jeremy Adams,2026-04-02 00:58:17.058490,Thursday,0,14,Technical,False
8ac75678-5f5f-4f36-9d51-f2b269d09b77,Beth Singh,2026-04-18 16:08:02.281115,Saturday,16,31,Account,False
64d5841a-69c4-4595-b889-5a7a362df4ed,Amy Willis,2026-04-08 09:25:48.579304,Wednesday,9,15,Service,True
c5f2cde8-8ca4-4391-a067-bc74789807f7,Leslie Rodriguez,2026-04-15 21:13:27.965260,Wednesday,21,8,Billing,False
42065b78-1ec1-455c-9e4f-dc7adbbe0fd6,James Beasley,2026-04-15 07:49:31.556504,Wednesday,7,13,Account,False
454b60b0-67b4-4775-9dd9-d867c6799da8,Jessica Roth,2026-03-07 05:26:37.929795,Saturday,5,11,Service,True
08ecc155-0270-48d9-ba88-1f5ecad87eb9,Shawn Brady,2026-03-14 10:07:11.019012,Saturday,10,34,Billing,True
95b986ed-0075-4f1f-89ab-73f2abd0fa76,Darlene Stevens,2026-05-13 20:59:10.129068,Wednesday,20,5,Account,False
fded7d94-5cb9-4edb-a795-1ed1bb193f18,Donna Stephenson,2026-02-19 10:27:56.508401,Thursday,10,12,Technical,True
9831f63d-a180-43b8-9bb2-c7a0207061f6,Ryan Brown,2026-05-16 17:36:09.668747,Saturday,17,12,Technical,False
b359539d-945c-49b0-8336-d20bfa4a2011,Monica Sanchez,2026-02-22 02:35:41.899272,Sunday,2,14,Account,False
515d9f20-c0d8-4de4-af3f-1a296f2343d4,Michael Hodges,2026-05-03 13:42:40.752223,Sunday,13,33,Service,False
cb598e1c-3098-430c-953d-c5808ad5bcf6,Mary Weaver,2026-04-07 14:56:33.801731,Tuesday,14,24,Billing,False
6c4793bb-5b13-4891-b202-6d500bbc650b,Jason Hernandez,2026-04-11 00:31:10.977438,Saturday,0,3,Account,True
715450c4-4e3a-4cc2-9b45-abd69362f5ce,Cheryl Liu,2026-02-06 12:49:57.787660,Friday,12,19,Service,True
84ec7768-5beb-450e-83b9-0f24b8395a93,Dustin Soto,2026-01-22 17:39:51.567794,Thursday,17,11,Billing,False
4aba9cbf-544f-4c38-8640-6925a3b0020f,William Bryan,2026-04-04 07:11:44.274043,Saturday,7,3,Account,True
678060b7-9b2f-4d98-9691-b66285879221,Henry Smith,2026-03-04 17:25:53.082483,Wednesday,17,15,Billing,True
53b9cf9a-f7a8-452d-a794-be6d2ce94976,David Daniels,2026-02-27 10:32:55.012075,Friday,10,22,Service,True
b9f19c7a-c0a9-4b61-9e96-7c3a114897b1,Austin Sharp,2026-02-13 12:46:48.280047,Friday,12,18,Technical,True
04c14da2-b229-4f76-8965-05fc8c06eaa0,Nicole Soto,2026-01-22 21:34:54.704398,Thursday,21,15,Account,True
5022bc8c-23ff-4122-a4c3-e0c2509cb905,Audrey Pennington,2026-03-13 01:21:45.289727,Friday,1,22,Technical,False
64e1cd7e-2c75-4b66-a746-d284494d4204,Dakota Deleon,2026-02-25 11:25:58.224462,Wednesday,11,33,Technical,True
3d6b919b-0f05-4f18-a3cc-1e8b38da0332,Joseph Atkins,2026-02-19 17:00:24.121184,Thursday,17,11,Billing,False
1ad24575-a8a6-4ca1-b03d-34e464d472cd,Stephanie Sanchez,2026-01-11 16:29:41.006390,Sunday,16,38,Service,False
f1bfcec2-3bef-408c-a67d-3c732dedba85,Carrie Hardy,2026-01-24 19:03:13.841282,Saturday,19,2,Service,True
cfc2f323-7023-448a-96e8-0859708d60bd,Lauren Ramirez,2026-04-07 09:55:53.864751,Tuesday,9,31,Account,False
987c40ad-39fa-4b88-982e-d3e94159748b,Jimmy Villanueva,2026-04-15 16:00:18.950399,Wednesday,16,29,Account,False
f0638a68-4b8f-4f7c-bc9d-1240a5d49e25,Jesse Adams,2026-03-30 23:32:09.801017,Monday,23,22,Technical,False
817626fb-b8d8-48ed-9739-42dd1a05b319,Kimberly Cross,2026-05-06 07:01:44.833641,Wednesday,7,3,Billing,False
895da8cb-323b-4090-bf13-2435037b023c,Angela Roberts,2026-02-24 19:20:47.485779,Tuesday,19,5,Service,True
e8d263bf-9bda-4adb-a72c-5561d6010a7f,Tiffany Yates,2026-04-20 15:55:03.855511,Monday,15,29,Service,False
c56ff0c6-8872-4c21-ab04-4b3df577a021,Rebecca Middleton,2026-03-30 11:34:48.561213,Monday,11,33,Service,False
15ceef2e-c469-400b-9f35-4b87c7c3756d,Heather Wiley,2026-02-28 06:35:35.782042,Saturday,6,3,Account,True
d04b84e3-e921-4516-a8de-3121ebde2d42,Laurie Holmes,2026-02-18 21:22:31.214107,Wednesday,21,11,Account,True
4390f250-3d90-4e55-ad7c-f4f005cfb908,Monica Wu,2026-03-23 22:23:49.658327,Monday,22,22,Billing,False
3789267b-bf51-437c-ac0b-cd255dc5a830,Pamela Evans,2026-05-15 22:57:16.708388,Friday,22,20,Billing,True
a95fa992-3097-456c-840b-f0b25b156829,Angie Garrett,2026-01-20 04:53:04.892826,Tuesday,4,13,Account,True
41113bd7-5b8b-488e-9dd8-0306a531aa9d,Jeffery Pruitt,2026-03-06 21:53:15.649049,Friday,21,22,Account,False
cb84712b-908f-4c32-9f4c-28f548b67d0b,Kenneth Zhang,2026-03-30 09:48:51.415641,Monday,9,30,Billing,True
9742c1ff-be82-4bcf-a906-be7ce42320be,David Sanchez Jr.,2026-04-18 18:32:13.028933,Saturday,18,15,Technical,False
7892c0d1-8698-4e79-aa33-f952425721d6,Heather Anderson,2026-03-02 20:11:47.411321,Monday,20,18,Account,False
502825dc-37e7-407f-839a-a80f976e8188,Debbie Phillips,2026-02-20 17:54:27.533157,Friday,17,12,Technical,False
9167daa3-4e49-4098-ab2d-72bd3e6a0b1d,Joshua Williams,2026-03-16 04:10:51.243484,Monday,4,17,Account,False
6c3184b3-6b71-4a55-8673-c7838f679eb6,Haley Roth,2026-04-22 08:17:44.211883,Wednesday,8,9,Service,True
7803e6ee-ab12-47a8-99e5-b675017fdaf9,Charles Phillips,2026-03-08 16:30:23.486195,Sunday,16,17,Technical,False
b0ad6f8d-3be4-4077-b781-f42fbece1ab9,Priscilla Hall,2026-01-14 18:07:12.382393,Wednesday,18,4,Billing,False
9b11c970-3bb2-4a2e-9eca-a14cb5aff8c9,Dawn Solomon,2026-01-26 19:16:34.618493,Monday,19,19,Billing,False
ebd9ed03-f58e-491d-8921-f713f357d151,Brooke Gill,2026-01-04 13:37:35.372322,Sunday,13,39,Service,False
83c5d36d-bc0c-4992-acf2-7cfd1ec18327,David Morris,2026-05-01 21:13:26.582558,Friday,21,22,Account,True
51dbd015-f5c3-4985-b625-c63326a4f011,Anthony Phillips,2026-01-05 23:32:20.247767,Monday,23,22,Technical,True
fb29ec8c-10ee-448d-a1cd-04a8b2b60ab3,John Lewis,2026-05-11 02:44:05.235266,Monday,2,9,Technical,False
5c3645c5-c698-420f-a56c-69dc97e5a89a,Jesse Jones,2026-01-26 20:15:31.975236,Monday,20,22,Account,False
167a7a78-d14f-4b4a-b6c7-ba46b907e1dd,Dr. Jonathan Christensen,2026-04-12 19:39:52.620471,Sunday,19,3,Account,False
9667175a-d7d2-4359-b160-2ec7098d4824,Mr. Justin Lewis,2026-04-02 11:53:18.184754,Thursday,11,16,Billing,True
fc7b2219-30bc-445d-88a3-2f41898cc35d,Daniel Martinez,2026-05-13 04:12:26.810196,Wednesday,4,3,Technical,True
aadacbe7-a9c1-4e48-bb72-c87c9e961622,Beth Bradley,2026-02-15 17:05:04.620006,Sunday,17,6,Billing,False
38c10a14-7d48-480d-9b5a-d2f0a090393b,Alison Charles,2026-02-09 22:38:17.462255,Monday,22,17,Service,True
8e50ce2a-0a81-4863-be23-371dbff46418,David Whitehead,2026-01-13 20:39:25.849250,Tuesday,20,12,Billing,False
4c636f57-db6e-435b-8951-46b23f5add9b,Miranda Gonzalez,2026-05-13 02:00:51.528433,Wednesday,2,7,Technical,True
ab054a26-d4f0-4431-838b-4830a55a76dd,Robert Hughes,2026-01-23 13:51:14.692723,Friday,13,34,Technical,True
fe39c14f-b0cb-4c87-9ce2-5d4d74f0d88f,Curtis Leblanc,2026-01-12 08:37:50.457798,Monday,8,16,Account,False
ebf396a4-29f5-45e6-8823-47bee9275fcc,Mr. Christopher Murphy,2026-03-21 20:12:08.399674,Saturday,20,11,Technical,False
2e50b826-a969-4c6b-a8b6-ceb9cdc52d82,Peter Hernandez,2026-04-22 16:11:44.927871,Wednesday,16,11,Account,True
26e8b20d-1910-48ef-942a-6b0013589c24,Nancy Moore,2026-02-23 23:48:27.647598,Monday,23,16,Technical,False
4e7e1831-0cf6-40fe-a6a7-dbdb6a5cd6c8,Michael Banks,2026-01-31 00:20:44.396385,Saturday,0,3,Service,True
630580e0-aa52-489b-8457-7d60c0a5b05c,Kelli Fischer,2026-05-03 09:22:16.471987,Sunday,9,18,Billing,False
3e8cf019-140a-41e5-9d81-3523392fbe8d,Rachael Lee,2026-02-17 10:57:23.377577,Tuesday,10,13,Account,True
40c522eb-a55a-48ad-9f65-193a2a306493,Michael Cunningham,2026-03-09 04:34:37.692569,Monday,4,24,Account,True
2eb61643-6ef0-47e5-b090-f87fef46e11b,Emily Cordova MD,2026-02-18 02:46:02.879398,Wednesday,2,14,Account,False
8ff373fa-8cda-4791-ae92-4752cf8c084c,Shannon Garcia,2026-04-11 13:46:27.646933,Saturday,13,36,Technical,True
2191ae4f-6718-4573-aa31-4330c89226ff,Matthew Frazier,2026-01-10 09:13:49.906877,Saturday,9,37,Service,True
187e3f1b-d8f6-4187-be9f-ad7c11ff274f,Devon Eaton,2026-02-13 23:18:09.536201,Friday,23,20,Account,False
621e39e0-1a13-4e9a-a562-b9e2d8a49b3b,Courtney Green,2026-02-11 23:53:32.217550,Wednesday,23,13,Billing,False
b74e5d86-fbab-4da0-9f58-34507c367be8,Benjamin Larsen,2026-04-11 02:17:58.743118,Saturday,2,7,Service,True
21084dad-8a84-4e7d-9d5e-f9139e40c4c8,Gregory Turner,2026-04-25 17:51:01.278631,Saturday,17,6,Account,True
24abc82c-9b0c-4d0f-b709-372cbb368f7e,Andrew Weaver,2026-01-23 00:40:28.943013,Friday,0,13,Service,False
483dcbe0-1afc-43e0-8fc9-3585b4c6dffd,Samuel Walton,2026-01-19 11:35:40.451288,Monday,11,43,Technical,True
d033f557-f2fb-4e36-b62b-6ccf0f5fc0a4,Michele Butler,2026-04-18 00:53:49.653993,Saturday,0,15,Technical,True
878eb65d-f7bd-4723-92e6-475788aa467a,Daisy Washington,2026-01-22 16:40:06.730105,Thursday,16,41,Service,True
97d3b54a-db48-47c6-bc8b-4c1d02adbfc3,Kayla Cardenas,2026-04-23 09:32:17.576010,Thursday,9,11,Billing,False
cd589ebd-205a-4ea8-8be6-6af6c12f67ca,Jennifer Campbell,2026-04-19 14:34:56.606349,Sunday,14,32,Technical,False
694d3bec-3b32-48e3-add1-b8013144ccde,Alexander Woodard,2026-03-13 01:00:10.884878,Friday,1,15,Account,True
c0c61775-4fd0-4c23-974c-be9b188436a5,Mark Harris,2026-04-24 07:32:51.245710,Friday,7,20,Billing,False
fe4e3fad-fac1-4b11-9dd5-da6d94126c25,Roy Fischer,2026-02-14 13:22:42.911917,Saturday,13,20,Service,False
667bac4a-5297-4dd0-872e-35e41c1a0475,Claudia Blake,2026-02-19 00:28:10.513745,Thursday,0,14,Service,True
544a980a-1846-458d-9704-0f169a8e1081,Jessica Cabrera,2026-01-08 01:21:21.546010,Thursday,1,11,Account,True
11a7c5a5-5396-43ae-a77d-14a98e086ab7,Jacqueline Arias,2026-04-18 07:47:27.484766,Saturday,7,7,Service,False
ac50fed8-70a8-4b4f-92f7-fb8a0a26db53,Heidi Fox,2026-05-06 18:06:59.053593,Wednesday,18,3,Technical,True
528b6290-c784-4296-a446-881eb3d4d60c,Jessica Smith,2026-04-16 08:41:08.640688,Thursday,8,5,Billing,False
8b9f4ad8-fc7c-4f27-830f-c72cda3befc5,Claire Long,2026-02-04 09:10:04.463266,Wednesday,9,34,Service,False
b815ae18-78df-4524-9d10-61a51422a147,Jesse Green,2026-03-09 13:22:56.779269,Monday,13,28,Technical,True
d321b1e3-5bf6-480f-9ef8-4f120a9a4a73,Michael Crosby,2026-03-23 11:54:03.727750,Monday,11,49,Billing,False
81b32e1e-a7ba-4ce6-9bc1-b59c9fce94de,Roger Sandoval,2026-01-20 06:22:58.222683,Tuesday,6,13,Technical,False
c436fa29-2bd4-4cdb-9b50-ca2f9bf1ded8,Peter Larson,2026-03-03 08:20:19.385942,Tuesday,8,7,Technical,True
974bc577-fe03-4d64-ba7c-d7ef2f74a3f6,David Robinson,2026-05-13 03:52:23.409608,Wednesday,3,12,Account,True
b989ce29-1276-47e9-8afd-afed1052447d,Brian Johnston,2026-02-09 15:05:40.193217,Monday,15,45,Account,False
a8a81bcf-f2ea-49c3-81ba-d1e0b671e6f1,Kyle Mitchell,2026-05-14 16:52:29.090154,Thursday,16,33,Service,True
60302537-5216-4d98-a7fd-268c21e70132,James Wilson,2026-01-24 08:23:07.089468,Saturday,8,13,Account,False
6add3795-f8cf-4e81-9598-fb6c685e2cfd,Joshua Wilson,2026-03-19 03:36:26.200522,Thursday,3,11,Account,False
9fdb8d8b-c191-4fba-854e-d4ccbfc0cc14,Robert Bridges,2026-04-17 06:51:19.678683,Friday,6,22,Service,False
9540d5d5-acab-4fe6-9494-c77e28a8d8b4,Linda Perez,2026-02-25 16:15:38.277217,Wednesday,16,23,Service,True
6528f3f7-b149-4cb9-934c-57049c536c91,Amanda Brown,2026-02-13 19:04:15.432686,Friday,19,18,Technical,False
ff27c6f1-fd3c-43c1-b979-737135570bed,Melissa Moore,2026-05-16 13:05:23.287851,Saturday,13,10,Technical,False
6bcbf535-41b9-4cc4-b3a6-01a757344718,Chase Dominguez,2026-05-03 19:51:31.026362,Sunday,19,5,Service,True
23b42e64-53f8-496a-a0b9-12fa6830e49b,Julie Hernandez,2026-01-21 05:43:54.981110,Wednesday,5,8,Billing,True
bb227fa4-a16e-4e09-b7cc-e050b1c2d51f,Lisa Holder,2026-01-22 14:39:12.078208,Thursday,14,21,Technical,True
efce7c7c-e26f-4941-b966-ea3e2f57effa,Kimberly Gonzalez,2026-01-31 16:20:24.668983,Saturday,16,20,Billing,False
5168fe00-858a-49c0-98f2-007306298c20,Kim Rios,2026-02-17 21:35:10.826705,Tuesday,21,10,Service,True
b5b50d15-7cff-42d4-bdbc-21967412fc3f,John Nguyen,2026-03-02 23:33:30.130557,Monday,23,17,Account,False
d6d4f72d-ee26-46ea-b626-710f8e836573,Beverly Smith,2026-03-05 13:38:16.855985,Thursday,13,39,Technical,True
4267bc77-e2df-4e0d-a220-3f6b2ee36e35,Sue Pope,2026-01-01 05:26:45.210697,Thursday,5,7,Billing,False
ddfff793-ca2a-4be7-a99a-da2904e213ec,Mitchell Scott,2026-04-06 16:27:30.886593,Monday,16,55,Billing,False
f4b616ff-5035-4aea-a4a7-37daf441464c,Nicholas Cruz,2026-02-14 04:33:46.734356,Saturday,4,11,Technical,True
4fea91ae-2972-4357-8a0c-b051a48bad0d,Shane Moore,2026-03-10 12:18:39.474015,Tuesday,12,34,Technical,True
b23f9129-8a07-477e-a389-541eb781b5eb,Deanna Perry,2026-03-10 08:52:18.233248,Tuesday,8,8,Billing,False
d2f162ec-d473-4a00-a02e-c1c0ff81ce75,Stephen Arnold,2026-04-10 18:12:40.826041,Friday,18,15,Service,False
a70d9203-937d-46cb-b662-7eeadfae8186,Elizabeth Wilson,2026-03-02 09:48:55.126902,Monday,9,32,Service,False
e3710fbf-0c1b-431b-a9af-9427a0282250,Wesley Vargas,2026-03-15 06:37:28.486880,Sunday,6,11,Account,True
a2720096-9ec2-4fc8-b306-ac6e334eca11,David Pittman,2026-04-07 17:40:46.159470,Tuesday,17,14,Account,True
0a8b01b0-2405-40e5-8dcb-819130826396,Christopher Knox,2026-02-06 19:56:51.240412,Friday,19,29,Account,False
f280f63e-3871-4792-927b-c5dc39e42ad9,Larry Scott,2026-04-11 08:21:41.922629,Saturday,8,11,Service,True
becf7a07-8498-44d4-8d27-711d41d76ea1,Brittany Brewer,2026-04-13 16:49:08.005956,Monday,16,49,Billing,True
3fbf86b3-4ee4-42e2-819d-ea9ec299d436,Eric Clarke,2026-03-23 00:25:42.222502,Monday,0,13,Billing,False
be8706ed-5308-4fc9-9757-271c8532d635,Barbara Ford,2026-04-13 17:42:59.196135,Monday,17,18,Service,True
eb4a30bd-956b-480c-8e27-991dcca9a254,Dawn Simmons,2026-03-26 19:47:11.231238,Thursday,19,14,Account,True
653790df-33ec-461e-b252-f46bf4bb890a,Stephen Wise,2026-01-30 17:07:56.105776,Friday,17,18,Account,True
a8c89fd9-6c9d-4a4a-95df-b6bb38e65e54,Mary Green,2026-02-18 12:20:56.030850,Wednesday,12,28,Service,True
c10738dc-d119-453d-8e42-3a9d384b941c,Misty Rivera,2026-01-08 04:31:57.494135,Thursday,4,10,Account,True
adf7d76e-a706-4b27-970d-4fcfc79fe39a,Dana Lopez,2026-04-21 00:34:56.255857,Tuesday,0,11,Service,True
e9c5f677-6b05-470b-8622-4e7613232f80,Daniel Hoover,2026-05-02 02:52:10.275327,Saturday,2,6,Service,False
f363b9a1-547a-46e4-bcdf-aa3cb400bd38,Diane Miller,2026-02-16 12:21:36.899476,Monday,12,31,Service,True
60ec4a49-788a-402f-a313-76e0bfb01809,Timothy Wright,2026-02-25 08:16:11.975248,Wednesday,8,13,Technical,False
b99803b9-8904-4e20-bcaa-10fef8a37c74,Janice Richardson,2026-03-06 04:03:14.961704,Friday,4,18,Billing,False
4d59bd29-926b-416a-acd8-e957215cc851,Nicholas Williams,2026-03-07 09:07:19.229534,Saturday,9,21,Billing,False
470862c1-f984-4fda-84ec-bc0cdeaaf3c5,Gordon Cruz,2026-04-15 23:29:29.569545,Wednesday,23,10,Billing,False
c944d5ad-f470-4e0a-a0b2-ede1f7befc11,Daniel Campbell,2026-03-22 20:43:24.455956,Sunday,20,3,Technical,False
971d7e5f-f2d1-443d-8bc7-0316de7e4f4d,Mary Daniel,2026-01-20 22:05:36.274557,Tuesday,22,7,Service,False
744a4cce-f8f1-44ba-b67c-3929b27451d0,Lori Lopez,2026-02-14 15:39:55.750377,Saturday,15,32,Service,True
8da1ef7e-d046-43ac-9b89-192ae63a6856,George Melton,2026-03-19 15:18:31.266900,Thursday,15,26,Technical,True
02437046-dfa9-4692-889b-bc13ad70b50c,Gregory Moreno,2026-03-08 17:28:57.213914,Sunday,17,11,Billing,False
59c09bcb-4f5e-41fa-b2b0-686cc5fd5a6c,Michael Rodriguez,2026-04-22 20:01:33.618621,Wednesday,20,2,Technical,True
5f83374a-a5bf-49ec-8071-58120ecb5b7c,Tiffany Garcia,2026-04-08 05:13:40.843231,Wednesday,5,15,Service,False
7399a3d7-de2f-4ec0-a306-0fcad3e73d00,Kyle Blankenship,2026-05-08 07:03:21.513689,Friday,7,22,Account,False
d970813c-1b3d-43bc-94c1-4ed641e76af2,Shannon Brown,2026-03-10 14:43:07.788032,Tuesday,14,29,Service,False
90828ef0-96bf-42cd-9ba9-0e8b5e048281,Charles Ball,2026-02-19 01:15:40.822055,Thursday,1,7,Account,True
8d7401da-06ff-4d8f-93a1-525b4029c97b,Robert Thompson,2026-04-16 10:34:49.897050,Thursday,10,10,Billing,True
5c90434b-a8ac-4eed-9e0e-abc3d54224e5,Danielle Arellano,2026-02-26 01:27:45.439668,Thursday,1,7,Service,True
3ed60693-5ccc-4e8c-bd3f-245a621dc0a2,Robert Porter,2026-02-01 08:12:01.106347,Sunday,8,4,Billing,True
6c878bc1-4bb8-4f5a-a7ec-b2cd33a1b718,Jessica West,2026-01-04 13:58:16.550459,Sunday,13,42,Technical,False
cb3dbce8-6d25-4c6d-8ef6-41896be8b1c1,Audrey Ellis,2026-04-07 12:37:00.476094,Tuesday,12,25,Technical,False
f870b5be-69c8-4611-8d19-5992ad32c7a4,Emma Johnson,2026-02-12 05:56:26.074157,Thursday,5,13,Service,False
daeed0cf-da55-467d-818b-366cb647f803,Ian Barton,2026-02-11 10:31:39.555382,Wednesday,10,35,Service,True
f6a24ac1-277f-4beb-bd28-9c958669535f,Zachary Allen,2026-03-21 03:00:52.740237,Saturday,3,15,Billing,False
e3cf7f8f-4514-4f11-82c7-acf6c8a8367f,Laura Edwards,2026-05-15 13:43:15.235348,Friday,13,48,Technical,False
3f6b49b1-33f6-4ed4-9bbd-2a3ecadacd65,Jennifer Young,2026-02-14 04:40:42.045075,Saturday,4,15,Service,False
d813fa17-d52b-48f1-867f-37c30940b1d9,Danielle Price,2026-03-08 01:39:11.808857,Sunday,1,4,Billing,True
fed942bb-7db8-4db6-8ead-bfae571fa11b,Christopher Myers,2026-03-06 06:09:19.588039,Friday,6,25,Account,True
3864ba0b-2da1-46c8-b19a-f13b383d2fd6,Nicole Long,2026-01-29 01:35:20.805424,Thursday,1,9,Technical,False
ebf5a9cb-b9c2-49e8-9272-218979c9c3b4,Kimberly Douglas,2026-05-08 05:00:35.813632,Friday,5,22,Technical,False
e57ffdb6-3502-4156-8c51-9de8eb187ce1,Robert Wilson,2026-02-27 13:54:32.906285,Friday,13,38,Billing,False
268bba29-055d-4dc1-a632-d73af31e8abc,Louis Mcclure,2026-01-19 16:59:37.803854,Monday,16,40,Technical,True
729ccd7f-caf7-48c0-8de6-6c4332fe1477,Samuel Burns,2026-02-12 11:21:26.617024,Thursday,11,11,Billing,True
b1aa09f6-4507-4c9f-a086-a28fb1b914b9,Susan Flowers,2026-04-23 20:45:39.156200,Thursday,20,4,Technical,False
bf9c948b-a2fc-4b19-9d39-a5da6812aecb,Michael Williams,2026-01-13 19:18:56.697590,Tuesday,19,15,Billing,False
9b51037b-45d1-429a-9429-4ac0ed832b23,Jacob Frey,2026-04-15 15:56:21.566354,Wednesday,15,24,Billing,False
1755b434-1d57-4259-b250-a95edccb1bd2,Christine Barnes,2026-01-10 01:31:52.546224,Saturday,1,4,Billing,True
35433f61-5912-4831-a52a-3fca0edc83dc,David Lawson,2026-03-02 06:53:12.271101,Monday,6,11,Billing,True
0714df49-b37c-465e-8336-1ff7a6b643f7,Jeffrey Fox,2026-02-20 11:22:32.846741,Friday,11,44,Billing,True
72cb3d46-6ca9-48ed-9f31-f1ab4984d025,Scott Freeman,2026-04-30 19:32:25.690461,Thursday,19,11,Billing,False
4875710d-f998-46b5-82f7-b4d9aaf25b07,John Hawkins,2026-03-10 02:47:20.746074,Tuesday,2,12,Billing,False
46e42b06-d31d-4636-87b2-313846c15e29,Paul Adams,2026-05-11 23:35:37.341944,Monday,23,10,Service,False
4758d74c-972b-47aa-8166-979f8d928c43,Sarah Brown,2026-03-08 03:24:15.227197,Sunday,3,6,Service,False
f743c325-dcc0-4083-95d8-d32cf995ff4a,Erika Martin,2026-01-25 06:03:04.088640,Sunday,6,7,Billing,False
906c9f29-11a1-45d9-b571-744580b390d7,Cheryl Le,2026-02-26 07:13:50.978256,Thursday,7,4,Billing,False
ea870f86-d0fc-4ccb-9c35-eedbbb3024e5,Sean Roman,2026-04-09 21:50:22.682995,Thursday,21,7,Account,True
1a0857fe-fe86-4243-ac76-24801939c626,Wyatt Johnson,2026-05-01 10:38:43.863461,Friday,10,48,Account,False
a10066a4-2f85-464d-86eb-3f31ee162e92,David Kaufman,2026-03-14 06:53:02.256716,Saturday,6,5,Service,True
87363c26-6bb8-4991-bc07-c4ab118470cb,Laura Colon,2026-01-08 14:15:43.514131,Thursday,14,33,Billing,True
b4ec1a50-accc-48a6-97e2-9d51802f2e11,Denise Lopez,2026-05-12 17:28:29.380517,Tuesday,17,9,Technical,True
a4ae2791-eb38-4d02-b83a-ebaca51f6f7e,Gene Miller,2026-03-26 18:49:11.449117,Thursday,18,8,Technical,True
98ba4493-9616-4bdd-b432-6acbc9e4340c,Joshua Moody,2026-04-26 15:30:53.496602,Sunday,15,29,Service,False
5cd29f55-c53b-4351-91cf-0fc8a578e18f,Samantha Schmidt,2026-01-28 20:04:12.573378,Wednesday,20,3,Service,False
22a1be57-7b99-4b76-a935-0c9671a60cb8,Marissa Powell,2026-03-18 20:28:35.065583,Wednesday,20,8,Technical,True
8d95ef74-18e4-4366-af3f-3e674ca417b8,Jonathan Weaver,2026-03-06 23:41:57.446073,Friday,23,22,Account,False
99e1b771-c169-47dd-97e7-8e8539b2f94c,Brian Johnson,2026-05-17 20:16:33.539431,Sunday,20,11,Service,False
9d0824dc-ff0f-4244-b4bb-25a3116673a9,Zachary Booth,2026-01-28 03:31:01.329729,Wednesday,3,14,Account,True
4c712a03-624f-4a17-afe2-ed6461a8d942,Ricky Torres,2026-02-17 10:03:43.283191,Tuesday,10,23,Billing,True
db24910c-266c-4691-8653-83114cf1fefd,Thomas Mercado,2026-03-23 19:02:07.456058,Monday,19,17,Account,False
ba1769cc-a0dd-42eb-86fa-b5699a62ae86,Jordan Calderon,2026-05-03 11:16:07.747556,Sunday,11,26,Account,True
2676cd51-4764-4688-9889-a55919f93171,Harry Thomas,2026-02-15 06:49:04.243478,Sunday,6,12,Account,False
1ebc22a0-ec68-4b42-b122-25ffb0987404,Christopher Bell,2026-04-10 05:58:33.646327,Friday,5,15,Technical,False
eeca5d7e-668f-4abd-8e20-a087f6221188,Nancy Thompson,2026-02-03 20:00:55.799392,Tuesday,20,6,Service,True
17022d8a-1cc2-461f-baa7-f74e92969a95,Michael Russell,2026-01-02 22:34:44.566737,Friday,22,20,Technical,True
a7d963aa-6021-40b3-97cb-1587b4567144,Sean Shields,2026-05-02 20:16:20.987718,Saturday,20,15,Technical,True
599bbed8-0efa-411a-b843-af97a7ba807f,Jeffrey Murray,2026-01-20 12:00:37.264421,Tuesday,12,25,Technical,True
3d7ff6ec-c30f-48de-a9c0-64eca777266c,Emily Griffith,2026-02-05 16:16:57.749906,Thursday,16,13,Technical,False
007a20ed-18e1-4abb-991f-be0912c15b6a,Michael Mccarty,2026-01-14 10:41:55.054282,Wednesday,10,24,Billing,True
6624f10b-c5a8-43cb-ad2d-b2c67a4639a1,Andrea Gonzalez,2026-05-14 11:41:51.781925,Thursday,11,28,Technical,False
51135283-6d38-434a-9280-15c6c3087609,Kenneth Powell,2026-05-04 13:41:45.359928,Monday,13,48,Technical,True
5041517c-751a-42e8-8327-e78eca3a9583,Michael Moody,2026-01-08 06:55:48.491687,Thursday,6,15,Service,True
b0c396a9-4996-4f3d-97f0-fc39505617b5,Renee Armstrong,2026-05-05 22:57:41.365536,Tuesday,22,8,Technical,True
70a5c0c7-c744-49fd-b032-bb0e3f44f859,Nathan Baker,2026-03-16 22:03:16.046482,Monday,22,27,Technical,True
fac0e897-2c60-4f11-8fe5-6d1e6a9c9765,Erica Garrett,2026-02-03 02:56:23.518604,Tuesday,2,10,Account,True
94f1a68a-4dbc-4915-a073-9fef12eb2541,Mike Higgins,2026-01-24 23:18:39.166035,Saturday,23,15,Billing,True
162550f5-ad46-4e72-81aa-64be7b62027a,Brandon Lam,2026-04-20 21:12:16.318299,Monday,21,18,Billing,False
91e42300-a99c-488f-a665-c47e44e5f50f,Daniel Hall,2026-05-14 18:00:44.167209,Thursday,18,5,Account,False
e1d8c3fe-4d59-4f66-a927-5c17ed3cfeab,Tracy Barrett,2026-04-02 13:52:23.730308,Thursday,13,18,Service,True
a670827e-c1f0-45fc-9801-cb88e9dfc5c7,Paula Harris,2026-04-12 04:41:29.089666,Sunday,4,8,Billing,True
cfa2a114-0b8e-4ca0-8a03-95f41be47ac0,John Blake,2026-04-29 04:29:38.819524,Wednesday,4,9,Technical,False
9a27ba2f-6575-4792-83aa-566279401409,Chad Lopez,2026-03-15 08:22:35.343744,Sunday,8,3,Technical,False
40126f11-56ca-422c-8de2-77aa358cd9a6,Dylan Cook,2026-01-11 06:51:50.737497,Sunday,6,4,Billing,True
2f835f4c-c3b2-47db-a723-0e252607ef51,Jean Mills,2026-03-10 16:12:09.849442,Tuesday,16,20,Technical,True
35a37cd9-8d54-400c-904f-4a2a691d40e9,Andre Cabrera,2026-03-14 18:53:52.413663,Saturday,18,6,Technical,True
70c92708-704e-4d08-92b9-e33db16ecec1,Michael Turner,2026-04-30 01:41:01.752595,Thursday,1,15,Service,False
e6727bd2-6280-4394-9a5b-2de4ae5009df,Donald Walters,2026-02-07 07:04:31.450176,Saturday,7,15,Service,True
09cd1eab-8200-418c-b2fe-206fd309958f,Stephen Lee,2026-01-20 19:02:21.189451,Tuesday,19,11,Technical,False
635fe8ad-7a72-4840-9c29-3ddce35b4e3e,Jonathan Sutton,2026-02-11 12:11:18.146364,Wednesday,12,41,Billing,True
4965a293-4126-4377-bbbd-b82440f83b3d,Rachel Cole,2026-04-10 17:35:30.315116,Friday,17,16,Account,True
ced53ec6-947c-452b-9a24-6b5df39535ab,Peter Martin,2026-01-31 17:33:40.739870,Saturday,17,5,Account,False
ae7344d2-704a-48cd-8c3a-e356613a7fdf,Gabriel Carey,2026-03-29 09:36:51.495814,Sunday,9,41,Account,False
1933cad0-ef7d-4acb-8379-88d17f5ca76f,Morgan Patton,2026-03-30 06:43:32.382047,Monday,6,17,Service,False
a5c419aa-4b71-443a-af45-fa38ada843f6,Tonya Griffin,2026-05-17 22:42:18.770153,Sunday,22,7,Billing,False
8004b813-b8ec-4d12-a12e-e70945886eb2,Denise Duke,2026-04-05 12:32:08.669847,Sunday,12,25,Technical,False
39742ceb-60c5-4a80-a07b-7c0d00c07687,James Kelly,2026-03-08 07:14:49.400985,Sunday,7,11,Service,True
b8b6695d-fdda-4a35-9d0f-bffbbb6a71d9,Ashley Tran,2026-03-04 13:09:40.702432,Wednesday,13,33,Technical,True
e482ddc6-d580-4ff1-b18d-bccb830e6318,Travis Cooper,2026-03-10 14:57:34.182191,Tuesday,14,31,Technical,False
58400977-007d-4de7-990e-0ff0b05c60f4,Crystal Golden,2026-04-28 03:46:58.744356,Tuesday,3,11,Service,False
83859822-fbbb-49ac-9227-a4bb5d9ffa9d,Nichole Conley,2026-05-05 18:12:07.702143,Tuesday,18,5,Service,True
457a7d3c-c18c-42b7-939c-4dfec435f800,David Walker,2026-02-16 23:26:41.426190,Monday,23,12,Technical,False
da792c43-40fc-4c56-bcd4-a99d9a23c70f,Paige Ball,2026-02-18 14:28:59.507805,Wednesday,14,26,Technical,False
13118014-c7a5-4630-8c6e-bdef4a50496d,Elizabeth Sanchez,2026-01-19 16:26:30.978138,Monday,16,38,Account,True
102db8d4-340a-476e-a556-3da3520db5a2,Maureen Stephens,2026-02-15 01:07:24.417953,Sunday,1,12,Service,False
6824c036-3721-4aec-986c-c965e051bda4,Timothy Rogers MD,2026-05-12 10:07:53.655476,Tuesday,10,14,Account,False
a4cd49ee-3ac6-4673-ac36-4e21ad36c03a,Daniel Perry,2026-04-27 18:54:03.707395,Monday,18,16,Service,False
4fd69d00-1b51-4ec9-a750-c290cbd8e891,Ms. Shelly James,2026-05-13 16:16:15.217884,Wednesday,16,32,Service,False
acff606f-30a0-4e2e-becb-b90a4461d158,Russell Romero,2026-03-05 13:13:18.289827,Thursday,13,38,Billing,False
b0cbeb1c-9da4-49fb-a267-721025e6b9c2,Karen Roberts,2026-04-20 03:03:38.598312,Monday,3,15,Account,False
1ce86a7b-01b0-4a13-b78f-eaacd7e4a34d,Peter Ortega,2026-03-18 08:03:41.172693,Wednesday,8,7,Billing,True
501cda44-28c7-4ef5-9c8e-7c5ae0861baf,Olivia Perez,2026-04-14 17:10:22.803190,Tuesday,17,5,Billing,True
a547003e-a1f7-4cd3-8b6b-ca2533358e79,Jamie Ford,2026-04-13 05:22:26.925338,Monday,5,27,Billing,False
2e7228f1-d115-4409-86fe-5c466c1bca88,Zachary Garcia MD,2026-03-10 06:32:44.447027,Tuesday,6,11,Billing,False
f93dfc4f-56d5-4b05-b754-ff7dec6b0554,Daniel Taylor,2026-02-02 07:22:06.980466,Monday,7,18,Billing,True
dc2d00f7-ff40-4363-9b8b-6784e79871cc,Chelsea Carr,2026-03-20 08:14:44.244096,Friday,8,8,Technical,True
1fc992a9-7c6c-4f29-8133-707f51004517,Karen Jones,2026-03-20 23:23:52.799380,Friday,23,19,Billing,True
4a910a6a-64cc-42e7-8310-f5a3ff9c98de,Jeff Baker,2026-01-02 22:56:33.601097,Friday,22,26,Account,True
a845fac1-1c9e-4648-85bb-d6cf3668289f,Joel Fletcher,2026-05-08 07:48:34.254738,Friday,7,22,Billing,False
556382f8-789b-4cb3-8892-07a7a8913274,Cody Orr,2026-03-31 01:07:09.921059,Tuesday,1,2,Billing,False
17c0d5af-1d88-4653-83d3-ab3ce0d6939b,Beverly Stephenson,2026-03-16 17:41:32.083686,Monday,17,22,Account,False
f7e36cc9-7e83-4d14-8fa5-b30ae23c0362,Kyle Livingston,2026-03-14 08:47:29.445677,Saturday,8,15,Technical,False
2ae2305d-4924-4509-93bb-d1ff241f10f8,Jonathan Blevins,2026-04-10 16:29:00.730384,Friday,16,46,Account,False
1f21b4d6-ca49-4453-ab70-50f9823f0e68,Ms. Sabrina Terry,2026-02-09 04:40:31.506299,Monday,4,28,Technical,True
7ac1950f-9fab-495d-82d1-fc3317075f4d,Katherine Williams,2026-03-14 14:13:56.753536,Saturday,14,42,Account,False
bbaa8653-4b27-45c7-8053-af65a2870337,Brandon Lara,2026-03-20 23:59:55.377738,Friday,23,17,Billing,True
6e8d3889-8c5e-4a8c-8610-16fcf890dfe7,Stephanie Green,2026-01-24 16:50:34.200014,Saturday,16,20,Account,True
55ef327a-36a6-4487-9df0-468868f8fef1,Patrick Young,2026-05-01 12:34:35.461286,Friday,12,44,Billing,True
0c91e527-b396-43de-958c-f61fad17a15a,Nathan Shaffer,2026-04-21 13:53:13.816221,Tuesday,13,37,Account,False
3bd6ba31-63b5-46ad-864c-fa853bfe4f1b,John Duffy,2026-01-01 14:51:52.798069,Thursday,14,44,Service,True
9f46642e-1a9b-43ca-8e77-7ad6b92482ac,Michael Paul,2026-04-18 17:17:27.781670,Saturday,17,4,Technical,False
c49424bf-b43b-47fd-a603-672834ebc461,Jasmine Glover,2026-03-30 08:39:43.551414,Monday,8,19,Account,True
a6ea41d9-2e1d-4084-8d98-a1db19fc1bf7,Katherine Phillips PhD,2026-01-16 17:17:48.492417,Friday,17,14,Technical,True
151d4758-f7b8-4037-abbb-068a2bc7e259,Jacqueline Andrews,2026-02-11 02:17:07.069875,Wednesday,2,4,Billing,False
98ea1d63-225d-4f32-b82e-009fea3f9d50,Michelle Hood,2026-01-19 08:12:31.047329,Monday,8,12,Account,True
aac5a4a9-e828-437a-9082-d6d3e4faa4e1,Jimmy Wright,2026-05-02 14:37:45.917698,Saturday,14,45,Billing,False
693da8ea-17ba-4bd7-9b9b-26f8deb30f15,Shane Harris,2026-03-04 01:27:16.495002,Wednesday,1,8,Billing,False
217c1d0e-2747-49c8-b623-b43d3c822a45,Lauren Weiss,2026-04-08 20:46:16.369538,Wednesday,20,2,Billing,False
5bd37f5c-595f-44f4-a9b4-b59632c1d34c,Adam Rivera,2026-02-03 23:02:49.631675,Tuesday,23,9,Billing,False
9c0edda8-b4a8-48e3-950d-d7aabeb0a238,Angelica Collier,2026-02-27 04:00:00.652551,Friday,4,12,Technical,False
82f5b6c2-1402-4322-bf69-5a95c0b53500,Sarah Evans,2026-01-25 16:45:42.945506,Sunday,16,11,Technical,True
b60367e3-26ac-4829-a1ee-edb6ea301f38,Mrs. Lauren Riddle DVM,2026-02-14 03:28:34.822103,Saturday,3,10,Service,False
25a2f13a-f3e8-4758-bace-68a52cb478b3,Alicia Edwards,2026-04-03 21:04:26.049510,Friday,21,29,Technical,False
2f494944-2e08-4e17-8191-d8da625898d2,Mr. Kenneth Hernandez MD,2026-03-29 09:00:19.961066,Sunday,9,40,Billing,False
e0eb9690-79f1-40e0-b380-a1ef421391ce,Anthony Martinez,2026-01-26 19:47:56.003124,Monday,19,20,Service,False
22e73c3b-23c2-402f-ad37-779fdf45a42e,Courtney Serrano,2026-05-11 00:34:57.347663,Monday,0,18,Service,True
deb53f91-9c74-4c0c-860d-ded4f3efbd96,Nicholas Torres,2026-04-16 14:06:44.031240,Thursday,14,13,Billing,False
1aecdcfb-a16d-44e2-b99c-449eb053ca1f,Ralph Farrell,2026-01-17 15:18:32.902223,Saturday,15,15,Billing,False
95efcbbb-9d8c-41c9-92a1-a7d742a98b8e,Patricia Rivera,2026-04-07 10:42:44.655805,Tuesday,10,40,Service,True
51529fc8-0076-4f61-89de-e5efd3d9c0ab,Julie Lee,2026-04-23 16:05:18.102379,Thursday,16,22,Account,True
cbdbe076-2f36-45d8-ba12-dd8dd9a076bb,Gregory Carson,2026-03-27 14:56:24.188445,Friday,14,35,Billing,True
003df0bd-eeca-4bf8-8b1c-7335e5fcd987,Stephen Fletcher,2026-03-30 01:10:20.634351,Monday,1,23,Billing,False
5b564b2a-0ee0-4c7e-a27f-d0af3b5b7ab5,Aaron Holloway,2026-03-16 10:23:55.780376,Monday,10,48,Service,True
7779dae9-3b90-4ee1-b6ea-e7e35e691c6b,Larry Jones,2026-02-24 22:02:53.594555,Tuesday,22,10,Account,True
10ab80b3-a73d-499e-92e9-fd50786a14fa,Kenneth Kelly,2026-02-07 02:22:53.232952,Saturday,2,10,Technical,True
63797a17-041f-4a96-a233-4bd4cfb0e360,Adam Frost,2026-02-24 22:22:11.174936,Tuesday,22,5,Billing,True
537310ea-01b0-41f8-829a-e496c50f4993,Jose Schroeder,2026-01-24 17:36:06.279924,Saturday,17,11,Service,False
e7af685c-d4b5-4bbb-a71b-d20ded2d518a,Duane Gates,2026-02-01 14:03:57.147109,Sunday,14,18,Technical,False
e8d4722c-9048-4df6-a721-4f54cb543778,Christopher Erickson,2026-04-22 12:39:12.349035,Wednesday,12,41,Account,True
6b86af56-1373-44af-8588-a09d8fe61ca1,Cathy Allen,2026-03-02 08:59:06.070547,Monday,8,12,Billing,False
6804a07f-dcb7-4a27-9d5c-4916bca49d65,Cassandra Conway,2026-03-23 11:00:01.902387,Monday,11,23,Account,True
456a6c71-e761-4094-ad3a-0d1605240850,Ashley Brown,2026-03-21 13:01:53.677764,Saturday,13,18,Service,False
9c7bc096-3843-456a-b32a-fd178546663d,Jennifer Jackson,2026-03-25 03:13:31.902394,Wednesday,3,11,Service,True
066c0a97-24e7-457a-a093-b057286faf2a,Krista Barry,2026-02-06 10:41:42.159534,Friday,10,17,Account,True
960e7a62-dfec-4137-a8e4-5ecb899f3643,Amanda Yates,2026-02-22 04:12:37.660827,Sunday,4,14,Account,True
4214f08b-b11b-457a-89b7-b76d09a7ac6a,Crystal Stewart,2026-03-08 13:34:44.939163,Sunday,13,28,Account,True
e27beafb-be50-4663-8bbb-64cea280936a,Kristin Williams,2026-03-12 21:15:25.487641,Thursday,21,15,Technical,True
0cf26edd-e17f-48f2-8669-2ee0f66bef75,Christopher Thornton,2026-03-26 00:48:50.272285,Thursday,0,7,Service,True
31f51c2f-2e69-4de1-ba80-9c7f28a0238a,Angela Conway,2026-04-15 23:20:44.099241,Wednesday,23,11,Billing,True
000136b2-86fd-4f57-b33f-2ee45a57760c,Nicole Morris,2026-01-12 00:54:54.576236,Monday,0,20,Technical,False
8f1c32ce-4e1c-40e5-882a-8e4a37bd2e1c,Brian Jones,2026-02-04 15:57:00.250224,Wednesday,15,29,Technical,True
d0fbbb8d-1ddb-4766-809f-b670719b94fb,Dr. Brian Tran,2026-03-18 07:29:36.459049,Wednesday,7,6,Service,False
16206b7e-b4ad-403a-8261-309a2a0c096c,Tina Lopez,2026-04-28 07:42:43.993378,Tuesday,7,3,Billing,False
d36e976e-9572-4ebe-ac97-002c8479a1b5,Steven Mcdowell,2026-04-20 08:05:21.082718,Monday,8,13,Account,False
fec91cbf-f28f-4ebd-81df-692b418ceea5,Andrew Lopez,2026-01-10 22:39:38.097110,Saturday,22,7,Technical,False
b85abdef-3f3c-4d84-b328-fd12c148dbe7,Brian Crawford,2026-02-22 03:08:52.456056,Sunday,3,4,Billing,True
88f3e01e-fbc2-47db-a16c-9a0e2caf242d,Curtis Hurley,2026-02-08 19:44:24.934564,Sunday,19,2,Account,False
8be8ba55-ae0b-4b99-8809-7a7984d83e93,Jeanette Young,2026-01-12 13:20:24.575421,Monday,13,34,Account,True
8631839e-9cbf-425e-9e54-07c69153dc19,Mary Allen MD,2026-04-30 10:20:03.656442,Thursday,10,25,Service,True
b0132904-2b8d-4c15-ba10-728fcd040414,Bradley Harmon,2026-01-06 11:31:55.915401,Tuesday,11,40,Technical,False
f6d242bd-3349-43c8-b072-b583b0df4d60,Joy Ritter,2026-02-27 21:29:07.586303,Friday,21,15,Technical,False
1d56baeb-4b45-4ee1-8110-83ea48746b36,Victoria Hines,2026-05-16 22:50:17.337046,Saturday,22,15,Billing,True
811e9ced-3d98-4c52-a763-1b863be29932,Angelica Walters,2026-02-12 17:58:22.855934,Thursday,17,12,Service,False
88488877-9109-46cc-87a2-1c10c3c090a8,Julian Moore,2026-01-29 16:43:25.637063,Thursday,16,12,Account,False
3f86b367-3b37-426b-9800-5b7612b31a5a,Stacey Harper,2026-03-09 01:54:52.285760,Monday,1,26,Service,False
cc6f7b5e-ca49-45c8-87ac-3d5486ce9b8b,Michelle Evans MD,2026-04-04 01:51:21.314632,Saturday,1,8,Technical,True
4177504d-daed-4cde-ac79-eba3d81404bb,Anthony Crawford,2026-01-16 11:55:58.067030,Friday,11,49,Service,False
87e112f5-d3bd-47a7-bcd5-1bb45dd1922b,Kimberly Miller,2026-02-21 03:15:27.252575,Saturday,3,13,Technical,False
129421a0-5d5c-49df-9f0a-aa6913660021,Elizabeth Byrd,2026-02-01 05:48:19.018488,Sunday,5,2,Account,False
68c880f2-19ad-413f-afe3-5fdff32e61a7,Erin Williams,2026-04-25 08:26:23.905978,Saturday,8,12,Service,False
2f9925b9-94cd-4d2d-9487-ca3ed368525d,Dan Smith,2026-03-28 03:35:16.638687,Saturday,3,12,Account,True
923fff43-3c5c-46ba-8cd1-bc93bb42ab5a,Andrew Green,2026-04-01 20:34:01.683704,Wednesday,20,3,Technical,True
c0606a29-50b5-48bb-818f-16cf7b043609,Michael Smith,2026-03-26 14:54:09.220771,Thursday,14,23,Technical,False
41f7493e-8c63-420e-8a7a-adf329db72b6,Michelle Diaz,2026-05-14 17:55:46.158339,Thursday,17,9,Service,False
c63ece58-e6e4-4eb2-8858-993350c049b1,Robert Steele,2026-02-01 21:13:42.793060,Sunday,21,3,Service,False
8aa977f4-635b-4a03-b6c0-f930c4b1509c,Anna Roberts,2026-01-01 15:03:50.169268,Thursday,15,26,Technical,False
4f3aadf3-300f-4766-94ae-711f4b633581,Ryan King,2026-01-23 10:52:24.859163,Friday,10,57,Technical,False
464c9337-6ef8-4207-b881-4348cf1fa129,Bryan Romero,2026-01-02 17:17:54.154180,Friday,17,11,Billing,False
f2114c20-31de-4348-9606-42d48f6aa40b,Joshua Payne,2026-03-17 21:42:51.364085,Tuesday,21,4,Account,True
c3030140-5e40-498c-abfb-ccf0b2261528,Christine Gonzales,2026-05-15 01:23:49.517465,Friday,1,24,Service,True
2594a507-982f-4c68-85d6-ad9a1619378e,Erin Robinson,2026-01-19 14:40:38.229798,Monday,14,33,Technical,False
b702121a-6e8d-4c08-8868-29399c58941d,John Martin,2026-04-14 05:49:28.774550,Tuesday,5,3,Technical,True
7bab4e03-6802-40ff-b30c-b802da7c89c5,Jesus Velasquez,2026-03-03 03:54:34.995890,Tuesday,3,7,Billing,True
392baa8b-3dad-440f-9200-2629c82d06c3,Patricia Mcclure,2026-05-01 20:42:05.541111,Friday,20,25,Account,True
b59b15da-386d-4f1d-a940-e198523ce449,Mark Brown,2026-01-29 16:11:00.316318,Thursday,16,10,Technical,False
25fce1bc-9dd3-4f0a-9569-d8a81267b378,Erika Bell,2026-04-12 05:30:51.312488,Sunday,5,6,Billing,True
0d9afa64-7ca9-4921-ba86-1ee355569e87,William Tyler,2026-01-03 10:39:17.865201,Saturday,10,29,Technical,True
3fd255ca-d645-4003-809f-221f2f2ab4f9,Clarence Andrews,2026-01-17 11:28:14.268258,Saturday,11,43,Billing,False
2353945a-8123-4ff3-a272-3515061038a9,Lisa Hill,2026-01-22 03:44:51.550668,Thursday,3,3,Billing,True
562fae18-5bdb-433a-945f-2c6c9ebfcead,Lisa Hunter,2026-05-17 18:31:48.102986,Sunday,18,15,Account,True
935e88ef-e23d-4769-81d4-764c5a1e9ab5,Heather Buckley,2026-03-10 08:00:28.357018,Tuesday,8,15,Service,True
78ba0eda-57a7-41b1-b648-6b860cfb036d,Elizabeth Garcia,2026-01-20 18:09:17.153165,Tuesday,18,5,Billing,True
53bc3dd7-a5fa-4ac1-b597-28a64180de7f,Helen Rodriguez,2026-04-11 00:00:43.249911,Saturday,0,13,Technical,False
479cdb8e-ee70-48c6-be04-330f5aaba836,Daniel Parsons,2026-04-01 13:44:19.741971,Wednesday,13,42,Account,False
ca33dbd3-2267-4b97-afa3-4909e730f2b9,Michael Rasmussen,2026-01-20 04:26:36.469458,Tuesday,4,12,Billing,False
bb87c15a-eced-497d-9dc6-e6782c642e7e,Mark Steele,2026-01-27 23:26:37.384216,Tuesday,23,7,Account,False
54190542-b3c2-4e47-8817-67d4bca42d67,Donald Robertson,2026-02-01 11:02:24.211258,Sunday,11,42,Service,True
8963194c-7e0a-4af7-9c0f-3a30b609dc47,Bradley Beltran,2026-02-21 08:48:07.964047,Saturday,8,2,Technical,True
d4f632ec-15b3-41ae-a37b-3d87d72996b2,Brianna Thomas,2026-03-10 04:47:30.283879,Tuesday,4,6,Billing,False
1f800eec-e281-4cb7-adad-8ffe14b28d9a,Angela Gonzalez,2026-01-29 18:22:16.060709,Thursday,18,4,Billing,True
ab75c25a-1099-4349-8bc3-80e0d9ce66b6,Ross Gonzales,2026-02-14 11:52:55.647645,Saturday,11,15,Billing,False
b3f1f10d-73a5-48ef-8236-b98f017c9d96,Angela Porter,2026-03-29 14:57:32.566450,Sunday,14,10,Service,False
b1f07b4b-3fa5-4149-9ed7-7794db52d70c,Eddie Smith,2026-05-05 16:04:45.272248,Tuesday,16,45,Billing,False
e7d54eab-5859-411b-9d0d-2e87fa2247e4,Gregory Gonzalez,2026-04-29 13:14:22.895101,Wednesday,13,44,Billing,True
8afc2326-b976-4fae-8e7d-c27742423998,Andrew Villarreal,2026-02-13 04:48:22.750849,Friday,4,23,Service,False
2d8983e6-6f7e-45d0-90ae-14b3dbd98068,Michael Reed,2026-02-09 12:59:15.685657,Monday,12,27,Service,True
06dd4184-955c-4303-80f8-e659fe12f391,Jacob Foster,2026-02-15 01:22:36.963027,Sunday,1,7,Account,False
99608529-a97e-49f2-bb05-c75d9221099d,Craig Hunt,2026-02-22 19:54:18.408903,Sunday,19,12,Technical,False
06327977-d5c2-4503-9202-210a0af32ae7,Nicholas Fleming,2026-03-01 17:55:58.911732,Sunday,17,4,Technical,True
27a889a0-c07f-4e55-b0a2-84a5ee427138,Abigail Lynch,2026-01-14 07:01:15.079883,Wednesday,7,6,Account,True
2766c07b-1111-4807-8698-dc053562cdbf,Adam Cole,2026-01-19 14:25:17.041252,Monday,14,48,Account,True
b4fd11b4-fd3c-4791-a73e-7b450916f506,Antonio Harrington,2026-03-03 19:54:43.884361,Tuesday,19,10,Account,True
8abcac02-3ab7-46eb-83c9-5d291170b25f,Adam Thomas,2026-02-15 10:13:34.215455,Sunday,10,43,Service,False
4f9ff20b-35a8-4d11-a1bb-b068b448b9e5,Ashley Richard,2026-04-14 02:23:56.623264,Tuesday,2,12,Account,True
a61bdccf-07a5-439d-b7eb-ba2e02938778,Kelly Mason,2026-02-13 07:16:58.263622,Friday,7,9,Billing,True
c82a11aa-1a8d-435a-b65d-a9e7e79fd50d,David Shah,2026-01-31 11:06:09.305789,Saturday,11,37,Billing,False
ba06cae0-890d-4ad5-b536-34e61d1f45b7,Lauren Cox,2026-01-22 23:23:35.696319,Thursday,23,14,Service,False
b6b84753-9c02-4217-b159-f6c8f5504826,Charles Perkins,2026-01-19 08:37:16.050936,Monday,8,14,Service,False
4c4eb1f1-0630-49c1-ad53-06785e13bb46,Gary Lamb,2026-03-28 04:17:31.160246,Saturday,4,8,Service,False
d68df003-d794-45a4-9b6f-d010a41ed45e,Jose Martin,2026-03-09 15:06:42.752977,Monday,15,37,Billing,True
4dbf9276-e93d-4135-aaa6-34a22dee6125,Lauren Barker,2026-02-14 16:39:35.676957,Saturday,16,29,Billing,True
891f144e-7619-4298-9c5e-671d81e7f38b,Jody Clark,2026-04-12 08:11:07.347761,Sunday,8,3,Billing,False
912697d0-744e-48a2-8d58-7dd4e4a992a1,Rachel Johnson,2026-02-05 22:59:10.450111,Thursday,22,7,Service,False
ae300297-2a60-47e7-827b-4cfba55e5eac,John Smith,2026-03-04 17:59:18.876579,Wednesday,17,11,Service,True
8baa23d4-f428-419f-8763-941c564f6a14,Stephanie Buck,2026-01-15 03:47:08.561518,Thursday,3,11,Technical,False
4265f3f3-367b-4485-931f-12d1ade93ea2,Patrick Cruz,2026-02-28 05:39:20.482673,Saturday,5,7,Account,True
6aa5f9e2-6637-459e-a65c-c97f188d3624,Theresa Peterson,2026-02-07 18:17:52.422749,Saturday,18,9,Account,False
7102c496-b833-49d8-9675-948d136a7b10,Vincent Williams,2026-03-17 14:12:35.344863,Tuesday,14,25,Service,True
2462ecff-0c8a-4136-b0e3-8e80eb68854d,Jill Mitchell,2026-01-17 16:21:16.889763,Saturday,16,40,Account,False
3d7abd5b-0151-41a4-8e4b-3f4dfc55f14b,Kimberly Dyer,2026-03-30 21:15:33.419437,Monday,21,25,Account,True
9396603d-3b43-4640-a2b3-1764ed27ca60,Joshua Gill,2026-02-22 04:37:49.693437,Sunday,4,12,Technical,True
17238633-2f12-48e0-93a8-bea20d5a4143,Susan Wood,2026-04-07 10:53:43.189232,Tuesday,10,35,Billing,False
ec8b2e0a-21a0-427c-af75-9e578e93cc15,Edward Marsh,2026-03-29 21:04:58.657834,Sunday,21,12,Billing,False
47c6ef89-0d64-4d7d-9e9b-56c7b81a31ca,Leslie Friedman,2026-02-08 08:07:55.060334,Sunday,8,13,Account,False
f2b29317-fa4f-4d07-84d4-a93a58dbe066,Jamie Thompson,2026-03-08 18:52:39.189452,Sunday,18,14,Account,False
24cc59d9-f013-4a45-9f57-6eb82b161a7a,Matthew Whitney,2026-05-17 10:12:23.310224,Sunday,10,10,Billing,True
6abf8d30-f4c2-4693-97da-9cabcd6c0168,Michelle Carter,2026-04-15 18:45:28.355341,Wednesday,18,12,Service,True
411354ee-0cea-4579-961e-ec750e3e4193,Traci Arellano,2026-03-19 14:20:22.142446,Thursday,14,41,Service,False
f00e6c67-972d-4923-9807-50ccafecdd91,Erik Charles,2026-03-22 18:53:53.292300,Sunday,18,5,Account,False
410ba6de-d481-44a6-b15b-d165a865990e,Jennifer Salinas,2026-04-26 07:41:19.040820,Sunday,7,11,Service,True
cf0c698b-60fa-44b9-bad1-97fec9cd14fd,Gina Mclean,2026-01-24 20:42:31.721620,Saturday,20,4,Service,False
425b14aa-3a60-4141-a202-0ed7ca36513b,Ariana Williams,2026-04-26 11:56:17.912791,Sunday,11,42,Technical,False
7c6d1d08-3c39-4c09-a125-0345a6957a9c,Jessica Ramirez,2026-03-07 09:03:39.608274,Saturday,9,38,Service,False
e8087f1c-11dd-457a-9177-cee46acd6c34,Amber Davis,2026-01-17 13:19:57.426293,Saturday,13,23,Account,True
8afbc2fa-7a22-4037-adc4-9b3c5a3cdab8,Kevin Dennis,2026-04-06 04:09:24.850673,Monday,4,11,Technical,False
904c4936-d449-4b2d-92d4-c0c2662dd6a4,Andrew Meyer,2026-01-16 04:58:15.248804,Friday,4,17,Account,False
6084355e-a6f4-4004-b946-94cba1142865,Steven Garcia,2026-04-06 12:32:42.909653,Monday,12,41,Service,True
18731dc1-2ee0-400b-9722-a23630a0a654,Jessica Mcdonald,2026-05-10 20:24:16.898684,Sunday,20,7,Service,False
87f11cf6-9b7f-4df8-b0f2-1c1ec3f4c28a,Stephanie Higgins,2026-04-05 20:13:42.692191,Sunday,20,8,Technical,False
4c4b875e-eea8-47f8-9c4c-f530c462ec89,Johnny Smith,2026-05-03 18:40:22.931664,Sunday,18,10,Technical,False
1a4c2904-a86b-4b00-91bc-d8e3358169c4,Jonathan Stephenson,2026-05-13 03:59:31.820152,Wednesday,3,8,Account,False
dc5122ab-79d7-4b92-a62a-091cacae49ab,Lori Anderson,2026-03-01 16:24:24.696449,Sunday,16,30,Technical,False
1f2f603b-4e2f-4870-8ef6-b2a7d9497f72,Diane Knight,2026-01-20 05:22:11.088308,Tuesday,5,9,Service,False
971e2318-d45c-4814-90ec-6c2c33b245ab,Brandon Hayden,2026-01-23 19:36:37.789734,Friday,19,28,Account,True
7f0a4d73-5e79-412f-a3cb-c9e3b7bcecd2,Joseph Porter,2026-02-10 23:24:27.353338,Tuesday,23,6,Billing,True
a8bd76d0-079f-4d1e-abdf-43922b675666,Heather Spence,2026-03-13 15:34:03.029101,Friday,15,25,Account,False
1a2ee51f-5ade-43d8-852a-5679a120494e,Mary Coleman,2026-04-22 15:14:25.499025,Wednesday,15,44,Service,False
b766ea31-31d1-4952-9bce-f195bc73a0d4,Elizabeth Swanson,2026-01-27 11:57:29.704260,Tuesday,11,27,Technical,False
1b86b958-8129-4a0f-a9ad-488ef1468b91,Stephanie Kidd PhD,2026-05-04 08:57:38.506559,Monday,8,24,Service,False
594ee229-4fa3-4ad9-a8ec-52e4b7805a50,Steven Townsend,2026-02-25 22:01:04.770636,Wednesday,22,2,Billing,True
2b071221-8d9f-4f60-940f-cfe4f92bcf82,Brandon Walsh,2026-01-27 11:10:25.086313,Tuesday,11,17,Account,False
5c410356-a863-46f2-9fea-e933e0d16a82,Stephanie Mayo,2026-03-28 18:04:17.084089,Saturday,18,10,Account,True
17389258-a457-461a-b8e0-e7bd33ee90fd,Stephen Velasquez,2026-01-05 08:40:32.560954,Monday,8,22,Service,True
e6325393-22f0-40e1-91f3-d2f81de779b8,Michael Cole,2026-01-20 23:10:30.142950,Tuesday,23,8,Account,True
26d2f78e-3376-4452-ba4c-fc39be86d9db,George Singleton,2026-02-20 20:02:29.240945,Friday,20,9,Account,False
058d099a-29e8-4fd0-beb0-eadb195d7797,Leslie Frazier,2026-02-08 16:54:19.552179,Sunday,16,33,Account,False
c7a89fa6-0696-446d-9a24-7b5b00494462,Amanda King,2026-03-30 01:51:53.199655,Monday,1,12,Service,False
ebf35910-d360-424f-91ac-671ea1cbb9e1,Lindsey Swanson,2026-03-15 17:44:46.066179,Sunday,17,5,Service,True
dc95b0ce-d3f1-4e45-a1a8-186938770568,Samantha Diaz,2026-04-22 07:09:00.218808,Wednesday,7,8,Service,True
b0d67ecb-3393-4ccf-abe3-bf32b9b8fc8e,Brittany Morris,2026-03-29 20:19:56.263349,Sunday,20,7,Service,False
546e10a0-4d5c-48b4-98d5-e4a03ba672a7,Aaron Martin,2026-04-19 17:58:11.042403,Sunday,17,8,Billing,True
62b7302b-cad3-4647-8f62-c46daffe1396,Susan Johnson,2026-04-21 13:18:11.232281,Tuesday,13,15,Service,False
a7541a93-dea9-4102-8753-176aabea5da0,Michael Taylor,2026-04-27 14:12:41.163633,Monday,14,43,Technical,False
900fb57a-fdb0-49e3-bbe9-742a8d8a1fde,Shannon Joyce,2026-04-15 04:42:06.396616,Wednesday,4,6,Technical,False
f48cf411-326d-4c3c-94d7-171a5caa5659,Brian Hutchinson,2026-04-22 23:20:11.931312,Wednesday,23,15,Billing,False
5cd80b9e-15f5-4538-aa9f-a0bfe768aa03,Steven Cantrell,2026-03-03 13:28:50.324105,Tuesday,13,15,Billing,False
33f7f925-554f-4c23-9887-150c15768faa,Parker Hull,2026-01-02 00:29:37.703290,Friday,0,20,Technical,False
d9d754e7-3d56-401f-8eee-d718225bcb53,Lisa Palmer,2026-02-12 13:52:40.090833,Thursday,13,36,Technical,True
09afa505-6d4e-4710-9c7d-22ff13410823,Christy Clark,2026-04-04 17:08:16.687089,Saturday,17,8,Billing,False
3c7c2f1b-48f6-47fb-99ce-ffb9e5498a5e,Tracy Summers,2026-03-27 19:43:42.123852,Friday,19,13,Billing,False
d992d7c7-b4cc-4dfe-8087-6d77419d10d4,Yvonne Yoder,2026-05-06 06:26:36.816334,Wednesday,6,2,Billing,False
ee145b01-4790-4a46-9933-55ecfee49e7e,Jeanette Singh,2026-02-10 18:15:14.743818,Tuesday,18,4,Billing,True
dcad1df6-f015-4ce1-8cfd-05c2ec0b1ea3,Travis Owens,2026-05-17 02:25:52.883859,Sunday,2,9,Technical,True
7cd51512-8866-4bfa-84b1-d7ee8c197c91,Marissa Walker,2026-01-14 22:41:45.326415,Wednesday,22,10,Account,True
66dbb799-9645-45b5-99fb-59e22f752c3e,Amy Strong,2026-03-12 07:56:27.410512,Thursday,7,10,Billing,True
05daee89-b421-423d-b570-ae9abe792170,Caleb King,2026-03-12 11:51:35.958929,Thursday,11,14,Billing,False
d0e87f26-1095-42ff-abcf-ac5b6aaca78a,Jennifer Rodriguez,2026-02-01 13:57:57.664548,Sunday,13,26,Billing,True
81db936d-e855-40ec-b915-4b92edae0b9d,Hannah Hutchinson,2026-05-09 11:32:21.771201,Saturday,11,29,Technical,True
95f07941-b45f-4507-bdf4-efb3a87131d9,David Byrd,2026-01-01 13:32:00.365891,Thursday,13,14,Technical,True
302125be-c8bf-4a70-b499-928fc5239c41,Jessica Watts,2026-04-28 04:56:31.277529,Tuesday,4,9,Technical,True
cfa66410-32ba-40ee-b0b3-cf8568f4ecba,Sarah Burns,2026-05-01 10:49:13.748147,Friday,10,42,Service,False
5fe17e89-31df-4b38-b03d-e2fc82dc2d0e,Aaron Sanchez,2026-04-01 07:19:44.406785,Wednesday,7,13,Technical,True
71931769-38eb-4d71-9af7-86447fe28d45,Jacob Rodriguez,2026-02-17 02:30:11.819694,Tuesday,2,12,Billing,False
5cb8fb74-0e40-45e4-ae2f-0a1f5ce87f42,Douglas Martinez,2026-01-05 06:51:09.283946,Monday,6,14,Technical,False
bc1cc089-ba8d-45e1-b1ca-703281f50fac,Jasmine Mason,2026-03-01 14:11:51.200497,Sunday,14,37,Technical,True
7693be95-789f-4946-8d50-f87ad9de6255,Kristi Anderson,2026-03-13 00:27:46.598290,Friday,0,16,Account,False
257c4d36-ea4d-4df6-96e4-b745f3b5fc25,Andrea Burns,2026-05-12 22:58:22.088776,Tuesday,22,15,Billing,True
e1ae3fdb-9251-4463-b59b-44b846c79eca,Debra Marshall,2026-04-03 13:40:36.407009,Friday,13,25,Billing,True
43eb0ccb-3beb-4c01-a997-07930cd38181,Kimberly Walker,2026-01-31 12:29:54.656934,Saturday,12,13,Billing,True
91516b37-26e3-494a-909a-13b9a011bdfc,David Garcia,2026-01-18 22:30:03.505350,Sunday,22,12,Billing,False
12eba8f6-14f3-450c-9236-9c2064899487,Alex Frazier,2026-03-14 22:48:34.787040,Saturday,22,2,Technical,True
7bac49b6-ccce-481c-a9bd-99ff0dee1be9,Frederick Stewart,2026-01-18 09:35:01.173828,Sunday,9,10,Billing,True
735ee339-8a2f-41d4-ae5b-04b7e5f0bdb5,Jeremy Tyler,2026-01-29 15:28:56.005809,Thursday,15,20,Technical,False
a4d1fbe4-448b-4ce2-975b-7475ea296740,Monica Bender,2026-04-10 12:44:24.487877,Friday,12,50,Billing,True
413e150b-e797-4e07-8882-a4c3a7d4a082,Jessica Fox,2026-02-25 15:20:52.839613,Wednesday,15,27,Account,False
4a2305dc-bba4-428d-9b75-b61938a5ae2e,Penny Banks,2026-05-03 18:44:12.696050,Sunday,18,2,Billing,False
bfb2d236-c790-48e3-8bfc-e909862c6144,Stephen Davidson,2026-01-15 23:35:35.556362,Thursday,23,3,Billing,True
448cad7d-54a7-400d-a440-bb70da4ab0aa,Michael Rush,2026-04-27 18:20:53.644629,Monday,18,15,Account,False
d8ffe9f8-a40a-469b-9a7b-6ed26a9c448d,James Shaw,2026-02-24 13:24:51.861407,Tuesday,13,45,Technical,False
a36b2ed4-7056-467e-a6cb-cf4d1188ec3f,Caroline Green,2026-02-18 12:00:05.670535,Wednesday,12,43,Billing,True
e9a1f328-0a54-47d0-8963-f36d7ce7271f,John Morgan,2026-03-24 12:51:22.458163,Tuesday,12,43,Account,True
1208bb8c-e357-402c-ba8c-e530d5f68c2b,Rachel Smith,2026-03-26 15:24:22.554528,Thursday,15,27,Service,False
d9afc4d2-5589-4d48-8274-712a1a6c1ef5,Heather Flynn,2026-03-14 07:55:34.880975,Saturday,7,3,Technical,False
afa50789-72e2-4ddc-86c1-e14e4aad31cf,Edward Alexander,2026-04-26 05:24:31.250869,Sunday,5,2,Billing,False
fe673d7f-71cd-4440-a3f8-3491c63be722,Joseph Liu,2026-04-29 00:41:38.358715,Wednesday,0,13,Billing,True
2ef2e2bc-c8a2-468e-89ad-a929a694591b,Nathan Holt,2026-03-13 02:25:06.633308,Friday,2,18,Technical,True
35432d0a-3831-4a21-9439-a87e58f53636,Eric Jones,2026-03-06 10:31:27.437070,Friday,10,32,Technical,True
e8b3850e-a494-4861-987f-56b1b83dc9cb,Kathryn King,2026-05-15 17:22:49.679930,Friday,17,16,Billing,True
b4c51f56-8a31-4e80-b5b7-42329bee430d,Bonnie Walter,2026-01-29 20:13:40.784287,Thursday,20,5,Account,False
1d234c32-d0bb-4094-87b9-ca1cb5721442,John Macias,2026-02-08 03:13:32.395586,Sunday,3,15,Service,True
45f9b3b7-afae-4783-bb28-b4f92da64d71,Christopher Hernandez,2026-01-26 14:59:08.366725,Monday,14,34,Billing,False
759c7cc0-31d8-4767-a481-6fe394729058,Lisa Thompson,2026-01-30 06:50:02.687737,Friday,6,19,Technical,False
76195a19-529d-4d23-9a7f-166e9cbb4fce,Kevin Turner,2026-02-22 23:23:43.724956,Sunday,23,9,Billing,False
975dfdaf-e89e-4aa0-be8d-3bb101397d7e,Frank Hahn,2026-04-26 17:51:33.964381,Sunday,17,9,Account,False
fecef3bb-d05f-4e29-b95f-442e75211353,Jason Miller,2026-01-27 19:08:17.768297,Tuesday,19,6,Account,True
30dab6d7-a19e-4408-ac01-4080ffb9b839,Emily Walls,2026-04-23 11:34:48.624007,Thursday,11,23,Technical,False
038ef468-b223-4d86-b04f-0dedb2f20e0b,James Gray,2026-03-09 00:35:05.120620,Monday,0,20,Account,True
a8c6d6f9-ca3e-4e55-a9d1-5c8ff40d410a,Wanda Hernandez,2026-02-19 23:24:03.669629,Thursday,23,3,Service,False
03a87087-0a1c-4a65-be6f-7548fc8ecc43,Allison Alexander,2026-02-27 19:36:16.751896,Friday,19,11,Technical,False
563c609d-5ea6-4b20-b12d-be2b6f5b4d3b,John Wiggins,2026-03-30 09:39:42.299935,Monday,9,49,Account,False
e72f68ab-f63e-48b6-b99d-0536d9822703,Matthew Smith,2026-05-16 00:50:44.161790,Saturday,0,5,Billing,True
6260e516-a607-4f73-9823-5d41a7c6a96a,Kelly Herrera,2026-01-05 04:47:14.799296,Monday,4,12,Account,False
dfabfdb7-29bc-4e1e-840a-140942c2c62c,Patricia Lee,2026-03-09 19:31:04.647404,Monday,19,13,Billing,False
62f34142-3ed3-4959-ad7f-1e3d755625a3,Steve Ferrell,2026-04-27 18:03:20.498915,Monday,18,21,Service,True
68053415-6b14-46a2-8916-2ad8dd61df6d,Dr. Sean Lopez,2026-01-19 14:15:21.424890,Monday,14,17,Service,True
d326f2ee-e2b3-4ce4-b5ce-4c4127e55039,Cheyenne Roman,2026-04-11 00:03:24.882410,Saturday,0,8,Account,True
34c0a2c4-e9d1-499e-9f05-002e3dba9bd2,Michael Reese,2026-05-03 20:37:15.916766,Sunday,20,11,Account,True
92d45551-7d43-460b-8283-ea5b00f71865,Adam Howell,2026-05-16 09:30:01.097127,Saturday,9,39,Account,True
f5fe347b-b83c-4b44-95ab-1a4691480fa6,Dale Williams,2026-02-06 21:22:44.728718,Friday,21,18,Billing,False
6196b178-4094-4346-adb2-d6c0fee8203e,Mr. Michael Ortega,2026-04-18 02:29:59.677994,Saturday,2,11,Service,False
e6118722-6deb-4d72-81ce-b676eea7bea0,Mark Johnson,2026-03-20 23:41:48.260924,Friday,23,20,Technical,True
b890ca57-fca3-4eed-8deb-556b1a34f595,Robin Jackson,2026-02-18 07:31:53.191137,Wednesday,7,7,Billing,True
d22fba9c-af77-400c-ba0d-8ae50ebcc162,Jordan Jimenez DDS,2026-04-16 12:22:53.781945,Thursday,12,45,Account,False
0682dd1c-67b6-40da-9217-2710f2705c4b,Bill Moore,2026-02-11 08:58:05.613439,Wednesday,8,11,Account,False
4eca8e53-93ae-43a8-8278-4983cc4b7e19,Lori Baker,2026-02-11 21:24:06.536589,Wednesday,21,14,Technical,True
5bc3f9a9-4cab-4ed6-a440-e3c1844d456f,Jacob Grimes,2026-02-01 19:15:00.717747,Sunday,19,9,Billing,False
bbd8faec-4af9-44bc-8c7b-3e9caf3ae3bb,Angela Stark,2026-05-09 22:07:17.344005,Saturday,22,15,Technical,True
00ed4cd3-9f41-4d9f-9a86-818a2edef105,Harold Lloyd,2026-04-21 02:52:48.592518,Tuesday,2,3,Technical,False
2b6aedcb-d9c0-4308-9fc7-277ecd93aa78,Alexis Kelly,2026-04-28 05:25:53.312378,Tuesday,5,2,Account,False
910e62d4-0edd-48f0-9c24-0ec6c7ad6b44,Autumn Coleman,2026-04-02 12:19:18.881388,Thursday,12,38,Service,False
2e621089-b59c-4f57-b40a-6c6134efd132,Kevin Frank,2026-04-20 09:54:51.471471,Monday,9,23,Billing,True
f9c2ee74-08a2-4152-b9cf-d56d5f9a59cb,Lydia Allen,2026-04-17 23:00:50.905735,Friday,23,13,Service,True
c4e12e78-c838-40f1-bc05-4ae0fe4acb00,Crystal Miller DDS,2026-05-03 12:36:45.276633,Sunday,12,14,Technical,True
23d12c41-3458-41f6-af5c-fc7beadf957c,Dawn Chan,2026-03-15 07:25:41.913533,Sunday,7,4,Technical,False
e7c490bd-cf22-4af8-9ab7-65704ed57327,Andrea Clark MD,2026-04-06 06:15:45.890909,Monday,6,20,Technical,True
604b0672-ad97-4e02-b454-961bd45e4bdb,Jeffrey Oliver,2026-03-11 09:17:12.102218,Wednesday,9,15,Billing,True
b606d40e-beb1-40d0-9372-38f01fada371,Pamela Munoz,2026-01-16 10:26:16.307965,Friday,10,52,Account,True
f07356db-2794-4183-89b0-6ed3067a0fa7,Matthew Johnson,2026-04-27 20:47:47.991265,Monday,20,19,Technical,True
0426652b-41ee-471b-ae24-96f821191ab1,Danielle Haley,2026-01-25 22:13:36.628323,Sunday,22,7,Technical,True
0f626bd9-a2a3-4de5-9025-84f9aa32e35e,Alex White,2026-04-21 18:31:05.775534,Tuesday,18,4,Technical,True
0b7415a5-02e9-48a2-b7af-c903d6e27f25,Sonia Adams,2026-03-27 19:22:48.459876,Friday,19,16,Billing,False
24acc370-0265-451a-9d38-fe54ef9f2e04,John Anderson,2026-01-23 09:14:36.449154,Friday,9,23,Account,False
1aad98b0-1da4-4e23-8d75-788304179693,Deanna Winters,2026-05-04 08:12:34.944338,Monday,8,19,Technical,False
c13a02fd-5369-4ef5-b207-284b1b1796ad,Alexis Hall,2026-05-05 03:21:40.801078,Tuesday,3,8,Service,False
accc1d47-bba0-47a5-9af9-bed7bf4b8576,Cynthia Everett,2026-04-23 19:53:48.258729,Thursday,19,14,Account,False
68fd5753-f86c-4afe-8eb7-5a7686e16090,Richard Lewis DDS,2026-03-25 17:33:13.393045,Wednesday,17,2,Technical,True
2570d8fb-299d-4d6d-92ad-8d5712aac2b9,Richard Keith,2026-01-11 15:32:48.468948,Sunday,15,43,Service,True
893b25c4-2edf-4950-a15d-85b94c715926,Michael Ramirez,2026-01-13 14:29:43.965570,Tuesday,14,44,Technical,True
990c2815-6b88-4616-85c7-c24c3657fa44,Rachel Owen,2026-04-21 09:46:26.358435,Tuesday,9,39,Account,False
d97b06da-142d-455c-af6a-d1f0b30d1624,Brian Stark,2026-03-05 18:13:10.852168,Thursday,18,9,Billing,False
5a1a4b08-966e-4214-a403-ec4cb02322cd,Heather Hall,2026-04-06 21:12:12.041314,Monday,21,23,Billing,True
23a14731-da94-4750-a5b3-17a242c54411,Mrs. Jacqueline Smith DVM,2026-04-26 01:11:08.746068,Sunday,1,13,Billing,False
fd6130db-68b8-4257-a9e6-e4d5a91a68d6,Nicole Matthews,2026-02-04 01:43:21.247145,Wednesday,1,11,Account,True
bd6bfd9f-8d99-4823-a08f-851068d89243,Jeremy Wilson,2026-01-30 02:00:59.211133,Friday,2,20,Billing,False
add74115-d478-4d21-a2a5-3e7321d3773f,Briana Russo,2026-04-25 21:28:58.919001,Saturday,21,11,Account,False
4f8bf064-0262-4062-87e0-878ec12da2a6,Jamie Patrick,2026-05-02 09:09:10.620899,Saturday,9,33,Service,True
fbe402a5-7463-444f-89cf-d4a69c243e90,Alyssa Castillo,2026-03-17 22:46:39.950325,Tuesday,22,15,Technical,False
c113d8d0-7edc-43ae-9db4-3597ed8c913f,Jason Rodriguez PhD,2026-04-14 17:17:29.320292,Tuesday,17,2,Account,True
0a274d27-3d73-409d-ae0c-7d91c9d434d6,Caitlin Prince,2026-04-07 06:21:06.918983,Tuesday,6,2,Technical,False
9a94f336-790b-463f-954c-78146fae02da,David Baxter,2026-01-18 14:15:05.095757,Sunday,14,29,Billing,False
3726fdd3-94fa-495f-be3b-0131b4fe27ed,Catherine Allison,2026-02-10 00:45:48.149393,Tuesday,0,12,Billing,False
f0b4c9f8-5d20-43da-aad9-cee3b86ded3a,Hayley Hubbard,2026-05-05 04:28:14.027532,Tuesday,4,7,Account,False
ffba9da9-1a9a-4e5b-8895-49836c88a0b6,Cory Williamson,2026-01-20 20:31:42.952950,Tuesday,20,8,Service,True
05f49fb3-e018-4da5-ba79-9f579138b9de,Lacey Hamilton,2026-01-11 00:29:41.148609,Sunday,0,13,Account,True
5e9dc897-7cd2-441d-8bc8-39a9608bba45,Crystal Chen,2026-03-09 02:19:21.588916,Monday,2,17,Technical,True
c5bdb482-5603-4f7a-8569-ef86cf9d2abb,Michael Orozco,2026-04-07 11:26:39.211806,Tuesday,11,34,Service,True
d37785b8-e8d5-47ce-8e39-1cfd935e3727,Johnathan Brown,2026-03-05 16:23:19.401733,Thursday,16,28,Service,False
e9145510-3830-45cc-b389-c0ebaff2ca10,Sandra Campbell,2026-03-10 18:57:09.925211,Tuesday,18,4,Technical,True
b6a64c5f-3ce5-48fd-9bb5-f508717c6372,Ashlee King,2026-04-14 20:47:33.700946,Tuesday,20,8,Service,True
66a99048-f946-4256-98d7-b9841cb39722,Amber Cooke,2026-02-07 19:16:44.278533,Saturday,19,10,Service,True
f89c7007-b306-4543-8471-1c090de10f34,Sean Brown,2026-05-12 01:35:03.570331,Tuesday,1,5,Technical,False
c077497e-3737-4d27-b6fe-63a11332fd9c,Max Robinson,2026-03-28 05:12:58.271361,Saturday,5,15,Technical,True
d91a4ea6-0ecb-43ee-96c1-33d9cfd07a81,Jared Flores,2026-03-19 12:57:28.349375,Thursday,12,38,Billing,True
71f50928-1c52-42d3-9ae8-06f58437a9a6,William Smith,2026-01-15 19:46:46.085121,Thursday,19,9,Account,False
f1d3dd24-530a-478f-b821-afcb9f2d18c7,Tasha Kirby,2026-04-06 03:18:13.675472,Monday,3,19,Account,False
a4ef4270-5390-42d5-a427-e4fb4a48a249,David Shepard,2026-02-21 22:19:48.924861,Saturday,22,3,Account,True
b375e35d-3e1e-475d-bb99-1c698c2dbab7,Samuel Moore,2026-03-28 17:07:49.202919,Saturday,17,6,Billing,True
6846ea15-ea28-4ee0-b8d8-a73f335c61cd,Kyle Jenkins,2026-02-12 07:57:04.468681,Thursday,7,4,Billing,True
29acbf1c-f957-40fb-8677-404e40689341,Kathryn Roberson,2026-05-17 10:10:13.805947,Sunday,10,45,Billing,True
24487d7c-8e37-445f-a191-b7f061ae5a1a,Gregory Hart,2026-05-01 19:45:03.320841,Friday,19,29,Billing,False
912c49c8-39c6-4d2f-86b2-6414013f4c74,Travis Mcclure,2026-03-21 16:23:03.211507,Saturday,16,37,Account,False
cfc348f3-6382-4626-8d58-deb35cc7c1af,Emily Day,2026-03-15 17:46:57.990552,Sunday,17,15,Service,False
a33a2faf-c533-43c9-959d-0df9a361291e,Brianna Decker,2026-01-13 16:29:48.825598,Tuesday,16,27,Service,False
cd8d1212-c7ef-416b-91b3-9bfa72f2ed57,Rachel Richards,2026-04-03 11:48:57.149812,Friday,11,24,Billing,False
7bae20cd-4612-4ebf-80a6-3df612fd457c,Patty Graham,2026-01-30 14:39:51.455579,Friday,14,27,Technical,True
9a9be079-7499-48ed-94d3-5c06a918d676,Fred Marshall,2026-05-08 16:13:03.211660,Friday,16,45,Technical,False
a2a13d95-1fe4-46b0-b608-5e5c48de13c5,Matthew Sloan,2026-03-23 21:16:53.083965,Monday,21,22,Technical,True
06e7a068-c256-4171-b490-02f0107b7e79,Juan Yu,2026-02-14 19:00:02.943221,Saturday,19,10,Service,True
e876ad84-24da-4ed2-b44f-c8d3bf40e43e,Leslie Bird,2026-03-16 04:16:38.675231,Monday,4,25,Account,True
867a5171-da9f-4915-ad8d-7f495f37cd9d,Kaylee Hamilton,2026-04-12 14:23:32.432435,Sunday,14,21,Technical,False
68323d09-857d-462a-b9e0-8537063d5c54,David Ramirez,2026-01-16 16:47:23.017601,Friday,16,44,Technical,False
a9dd087b-82fe-4a24-b539-ffa91d846fa2,Melissa Carlson,2026-02-23 15:18:40.355237,Monday,15,38,Service,False
ab0ad288-3d30-43e4-a42c-9054e35b8052,Natasha Gross,2026-05-17 12:32:23.683254,Sunday,12,13,Account,False
b1595259-9294-48c0-b0e7-484781ec28ff,Thomas Rivas,2026-05-13 10:50:19.255328,Wednesday,10,21,Billing,True
6a7b24d4-bf9a-453f-af73-a2e9c1e9a0fd,Gabriel Rogers,2026-02-06 05:22:36.663281,Friday,5,11,Billing,False
096057da-fa71-41cb-b815-21ee06d9a47b,Joseph Lopez,2026-02-03 00:03:59.156301,Tuesday,0,14,Account,False
2f5594b5-477f-4971-b42c-d80c5519dbe6,Morgan Price,2026-01-23 04:33:59.078070,Friday,4,15,Service,True
894250b2-e581-4ff6-80bf-e10b1e5f417d,Melanie Bush,2026-01-20 23:31:44.941454,Tuesday,23,7,Billing,False
f3425077-7161-40c2-9d0b-74d73e9cd8ac,Eddie Martinez,2026-01-08 09:25:06.624111,Thursday,9,33,Billing,False
509770d6-6f61-4737-8af7-a0660ca96a37,Sara Pace,2026-01-19 15:41:16.293040,Monday,15,26,Technical,True
2ecb4d9e-0f59-4ff8-9603-d7b597e6f580,Carrie Armstrong,2026-05-13 23:02:02.698555,Wednesday,23,3,Account,False
7a908bea-5f2b-4ed0-801b-211f48378acf,Jennifer Cobb MD,2026-03-07 19:59:20.361814,Saturday,19,2,Technical,True
fd360651-1f2b-4dbe-9455-a27dc2858996,Eddie Perry,2026-03-29 19:42:08.005300,Sunday,19,15,Billing,False
c88040fe-c660-4784-9241-139e7f192eb8,Samuel Dunn,2026-03-16 10:58:55.455266,Monday,10,24,Account,False
24ce7e61-a74c-4ad0-8307-ad0d19525ab1,Jacob Arroyo,2026-03-16 07:02:46.366134,Monday,7,15,Service,False
6351f3ab-e6a8-4ec3-9d55-56dad26769f7,John Pope,2026-02-21 21:50:50.392384,Saturday,21,11,Account,False
6336f9ab-dbbe-48c3-bcd8-b298218cfc4f,Matthew Ayala,2026-02-08 11:24:22.997208,Sunday,11,30,Billing,True
b3c60926-d2c9-4203-9d2b-180f3c60e448,Zachary Davis,2026-01-01 18:29:42.583538,Thursday,18,11,Billing,False
7d3a0cf0-879b-4ace-872e-27951eda7a10,Melissa David,2026-04-26 03:01:07.034726,Sunday,3,9,Technical,True
0602c23a-ed43-4ac2-a38d-a202fa8dde10,Alexander Martin,2026-03-04 21:05:19.270814,Wednesday,21,5,Account,False
2ebd5510-8347-4ded-8513-6ed7cb2dde90,Elizabeth Martinez,2026-05-09 17:37:20.815920,Saturday,17,3,Technical,True
89208c75-7cd8-4975-94c3-78dd831cf684,Samuel Faulkner,2026-03-12 10:35:29.437416,Thursday,10,35,Account,True
8af313d0-7926-43af-9b6d-ac3db2362e0f,Dr. Edward Murray,2026-01-30 13:39:45.823222,Friday,13,38,Account,False
84b38ea8-75c3-4abd-b756-cc67f296e750,Austin Richardson,2026-02-12 05:45:53.490140,Thursday,5,15,Billing,False
49ec85db-9b70-42be-8ad0-a3eaacd7be08,Laurie Miller,2026-03-23 15:23:41.009202,Monday,15,42,Service,True
2b87c6d5-bf4f-4938-a21d-c1b927783eb9,Melissa Nelson,2026-01-24 22:19:37.670624,Saturday,22,2,Account,False
681c8a13-80bb-470e-a449-84a34fe33d5b,Michael Nguyen,2026-05-06 02:49:34.618793,Wednesday,2,3,Technical,True
c7ed15ed-e7fb-4a76-bcb5-c2f3100d80fb,Mrs. Amy Ferguson MD,2026-05-02 23:45:26.877603,Saturday,23,8,Account,True
3796d46a-2ddf-40ae-9460-96989825c331,Mrs. Kristen Jimenez DDS,2026-03-05 05:07:23.434064,Thursday,5,10,Billing,False
1232bafc-7ab9-43d2-aa68-d962a0d0999f,Nicholas Grant,2026-02-14 05:00:25.027667,Saturday,5,12,Service,True
1ebaed55-5e5b-4c8f-9042-2fadbb2799c1,Teresa Bauer,2026-02-27 15:21:22.456370,Friday,15,31,Technical,True
b59c4c51-8082-4d77-9e60-42a71be2cfdc,Dustin Barron,2026-04-11 08:49:21.345910,Saturday,8,9,Account,False
e4a0add4-f961-42ac-b8b6-377419658b3a,Sonia Williams,2026-03-28 11:32:12.601116,Saturday,11,33,Service,True
6c65adf1-b672-4863-aa28-4783db4868f6,Elizabeth Brown,2026-04-18 15:19:07.904191,Saturday,15,19,Service,True
4f76b40c-793f-4c0b-a1cb-5a340eb2d2f5,Michael Hernandez,2026-02-05 00:30:04.328166,Thursday,0,9,Technical,False
33433cee-f9e9-40de-9ed3-314b9a12e90d,Steven Walker,2026-04-02 21:34:22.649980,Thursday,21,9,Billing,False
12404507-4804-4473-81b1-f7db3ffbe358,Cassandra Hall,2026-02-12 09:11:50.971876,Thursday,9,42,Service,True
059d3af9-f0aa-4442-bc74-ff4375547716,James Alexander,2026-03-08 08:18:03.158801,Sunday,8,7,Service,True
a41fd825-0016-43dd-a941-a4be551c39f1,Anita Campbell,2026-01-10 00:05:02.239885,Saturday,0,9,Account,False
3f3556ad-5bff-4920-80fb-d5e3a97afee8,John Martin,2026-03-13 04:32:22.884605,Friday,4,11,Billing,True
b4efc2d8-348f-413b-ac7e-6bbd723b1118,Justin Boyle,2026-05-11 10:47:51.559388,Monday,10,31,Technical,False
6d40d7ab-c361-489f-bdb5-c7ebe783232c,Jacob Adams,2026-05-16 05:11:13.711695,Saturday,5,8,Technical,False
04dd3668-dadf-4795-a4e9-c7f1da8bf230,Teresa Crosby,2026-01-29 02:23:46.042322,Thursday,2,12,Account,False
089953e5-18bd-4f39-a653-8d5800b2635c,Taylor Cobb,2026-03-19 10:29:59.105326,Thursday,10,28,Billing,False
d28ce2a9-8d19-4f35-8eee-b3c042cb64f2,Michael Newton,2026-02-26 08:13:27.759440,Thursday,8,10,Account,True
dab97b30-3803-490d-aa62-d6d4079dc2e6,Gregory Fry,2026-04-23 07:46:17.398736,Thursday,7,8,Account,True
27e685f5-f1c0-47d3-9da9-204e2feaed31,Bryan Smith,2026-03-11 13:20:44.274445,Wednesday,13,37,Billing,True
3296b255-c027-465b-95a4-594b96b54d45,Alexis Wilkins,2026-01-22 05:49:02.605549,Thursday,5,14,Service,True
b00b4343-c852-4d85-bc2b-4b844717b0d7,Lee Nguyen,2026-01-07 11:55:28.845240,Wednesday,11,13,Account,False
05617aaf-b492-4d1a-a4af-38c0f1e5a524,Tracy Quinn,2026-03-02 20:35:27.708128,Monday,20,20,Service,False
38b984c5-dbc7-4339-971b-73c8f8fed195,David Hopkins,2026-01-11 01:06:01.781498,Sunday,1,8,Service,True
b2817a63-c6b7-42da-80e2-0236eea2c3df,Valerie Green,2026-05-01 18:22:29.914401,Friday,18,18,Technical,False
d3a8b94b-1c15-44a2-aafb-5ecc32e58103,Dr. Martha Rodriguez,2026-03-23 18:34:22.530357,Monday,18,20,Service,False
618041d0-ae0c-4bf9-8cae-a4a6f49e231a,Rebekah Lewis,2026-02-16 12:55:28.277595,Monday,12,49,Billing,False
89b6cb10-633e-4f4d-ac31-b881993b5dfe,Nicholas Taylor,2026-04-11 05:35:27.586107,Saturday,5,12,Billing,False
73465b42-30c5-4381-963c-bdaef3bff2dd,Jason Maxwell,2026-03-30 15:45:50.082138,Monday,15,50,Billing,True
1ff756e2-90e3-4a0f-abf3-1c98b7455c0e,Marie Whitney,2026-02-02 11:25:35.296832,Monday,11,26,Service,True
373a026e-ec41-4620-9729-08c7cb9f5475,Michael Howell,2026-05-16 13:53:13.431870,Saturday,13,14,Billing,False
fe5e52fd-cc40-41f3-bff6-28cfeb74624c,Kim Thompson,2026-05-04 08:16:49.898351,Monday,8,19,Billing,True
e8c2c84f-8087-484d-87d2-42ab92b5f4dd,Michael Melton,2026-02-22 19:45:36.335649,Sunday,19,7,Billing,False
4c4dc378-e47e-4eab-8e8a-fc3244ff737d,John Nash,2026-01-09 11:25:09.586684,Friday,11,42,Account,True
246db478-1a21-4697-b965-aa71ecb6732d,Taylor Brown,2026-04-12 09:58:18.759668,Sunday,9,28,Technical,False
d608cde5-8402-4bd7-9c07-b47adeb07d48,Yesenia Ortiz,2026-01-07 19:17:02.770250,Wednesday,19,12,Technical,True
6bc0c857-baa1-49e9-af00-6d519811bef3,Ashley Cox,2026-04-16 12:45:41.623755,Thursday,12,34,Account,False
9fd4d4cd-2d3c-4636-b722-fe0d924f6643,Joseph Larsen,2026-01-25 06:50:30.637705,Sunday,6,12,Service,False
393c4a07-2070-4cb5-8cdc-a6781ff63c17,Christopher Mcgee,2026-03-22 08:55:53.439921,Sunday,8,8,Account,False
783d324a-8c8b-4f02-b0b5-fad616d28f0a,Chelsea Mccoy,2026-02-24 18:11:09.690603,Tuesday,18,11,Technical,False
93aecb33-731d-4970-b4fe-66f27aa393f7,Nicholas Koch,2026-05-12 15:11:31.960761,Tuesday,15,37,Billing,True
c1ab26ee-d390-41bf-9498-e5908c67be0c,Jennifer Newton,2026-05-10 08:26:37.024902,Sunday,8,7,Service,True
583fa4bf-d754-4d48-8e0d-08b819e3823c,Brenda Griffith,2026-02-26 19:40:18.249190,Thursday,19,6,Billing,True
5a9093da-4644-4c8c-8da0-6fb68dd26dce,Autumn Garcia,2026-05-15 17:01:04.183807,Friday,17,16,Billing,False
11fddc27-905b-46a4-87c7-5a510c40b8f1,Vanessa Watts,2026-01-21 19:18:53.532042,Wednesday,19,11,Account,True
7f024ed7-2d27-48a7-8610-b21f7e747fa6,David Kelly,2026-01-22 03:38:59.886513,Thursday,3,4,Account,False
bebe8d89-c3d9-4d74-ab76-8a2cf143ae67,Richard Braun,2026-02-26 08:02:50.669701,Thursday,8,15,Service,True
4dc90403-5129-4f80-9d86-8d22615a9c30,Bobby Johnson,2026-02-02 09:36:16.951423,Monday,9,29,Billing,True
3d9e2796-df6d-46a2-b03d-35e66904e030,Gabriel Sanchez,2026-04-12 02:06:06.462470,Sunday,2,10,Service,True
18762433-ebdc-4901-89a4-8d2a007b8704,Dr. Colton Foster,2026-02-19 01:04:40.085513,Thursday,1,7,Account,True
11c72a52-bb76-4def-bdf0-4d1e0374f72f,Derek Malone,2026-04-07 02:30:30.015661,Tuesday,2,13,Account,True
55e8c693-e237-4137-8f42-c944fbd757e5,Amanda Harris,2026-04-14 22:38:43.646642,Tuesday,22,13,Technical,True
8b0350bd-ceed-4627-a356-728a71962929,Sharon Smith,2026-02-16 10:54:05.059796,Monday,10,35,Billing,False
a68edab7-7266-4cc8-b5ba-ac7247e3620b,Brenda Martin,2026-01-24 15:36:26.510573,Saturday,15,31,Account,True
4fa3bed9-1da8-471a-be05-576239937c6a,Ashlee Rangel,2026-03-25 14:53:42.686204,Wednesday,14,14,Service,True
3ce79a11-65dc-4688-867a-8bea04f0aa90,Madison Pierce,2026-03-20 13:48:37.684267,Friday,13,34,Billing,False
62fe9031-a31d-475c-b588-3a4f11fc0f5a,Tiffany Herring,2026-02-20 21:58:25.527893,Friday,21,20,Technical,False
28510e2f-257c-435e-8ccf-0deae90ed895,Elizabeth Mcdaniel,2026-03-14 02:12:50.210540,Saturday,2,10,Technical,True
ed54e649-e431-45c7-a399-edecc4e8c97e,Mrs. Denise Hawkins MD,2026-04-04 01:37:22.230493,Saturday,1,13,Billing,True
a2bb4115-3d98-4755-8ca7-a3506da73b7c,Matthew Castro,2026-02-02 17:37:41.449094,Monday,17,16,Technical,False
4ddc414c-408d-4f32-8ca1-ba92dd3dc34f,Angel Allen,2026-02-02 13:22:38.020482,Monday,13,37,Account,True
ae64115d-3ee0-47e9-90a2-b050229b2cf4,Troy Ayala,2026-03-15 17:15:08.941391,Sunday,17,5,Technical,False
cf8cfa17-8194-4599-9579-9b0d2a3b3b05,Catherine Howell,2026-04-03 19:32:28.882198,Friday,19,15,Technical,True
a6af210b-c51b-4999-9af6-a70a2f5fb154,Jacob Kelley III,2026-05-08 21:45:47.448188,Friday,21,21,Billing,True
4c0de671-ca90-4d4d-af97-a3d6c4b5f835,Nicole Glenn,2026-03-29 08:40:27.072590,Sunday,8,2,Billing,True
f53ef183-1f13-418c-8456-e3889c87542b,Sara Castro,2026-02-02 21:27:50.075300,Monday,21,12,Technical,False
cb34d5e4-c921-416f-af6b-1fc909987baa,Anthony Clark,2026-04-25 00:00:02.033105,Saturday,0,11,Billing,True
12f597e5-54e3-4b2b-887c-407e6429c99f,Scott Pierce,2026-02-23 20:34:44.615042,Monday,20,10,Technical,True
c872c5b6-f56a-42a6-be35-777cb2bf575e,Adrian Lambert,2026-02-15 07:15:24.365858,Sunday,7,10,Billing,False
b24c0fe8-fa4e-4b44-8813-7a6245066fdd,David Moses,2026-02-20 00:45:53.698996,Friday,0,16,Technical,True
c39f8de0-0ddb-442f-8ae3-5d04c0aca2e8,Sonia Lambert,2026-01-19 01:41:58.852760,Monday,1,24,Service,True
2f7e5635-5d73-4767-8809-08edba997302,Megan Chan,2026-02-02 22:27:49.268333,Monday,22,10,Service,True
37980b64-d817-4498-a52e-94ecf68d6cb7,Ethan Daniels,2026-02-15 21:41:18.042206,Sunday,21,2,Service,False
c998fd9c-fd82-4327-95f8-5c6f2272bfb0,Christopher Collins,2026-05-09 17:48:04.834808,Saturday,17,10,Billing,True
11ca2048-7bbd-45d3-b795-ca94c04a2d74,Paul Thomas,2026-05-02 09:27:37.274959,Saturday,9,29,Account,False
61170e0f-31e1-446f-93a1-796e76aa46ca,Caleb Kelly,2026-03-05 05:51:39.353344,Thursday,5,2,Service,True
25c4aced-e1bf-4b57-ad62-93edd6042ab6,Brian Poole,2026-05-16 03:47:33.082879,Saturday,3,5,Account,True
758ea611-21ee-4247-b0d1-908da93cfa92,Rebecca Hoffman,2026-01-31 04:29:32.989717,Saturday,4,9,Service,True
095843ee-e01c-4762-977e-6dfb207ecbac,Michelle Shields,2026-04-21 18:21:19.088313,Tuesday,18,6,Technical,False
1e79a237-32a9-4ad5-80e2-a963249e6f63,Sabrina Ruiz,2026-02-23 04:10:53.442305,Monday,4,16,Service,False
2551a5a3-cde0-42d3-a5d1-5ea482042d13,Becky Jones,2026-04-25 00:56:21.822223,Saturday,0,14,Account,False
7c8c8612-aec0-459e-a467-77d68a9f3669,Shannon Brown,2026-01-04 21:48:27.470798,Sunday,21,2,Account,False
fa8b84c8-fb83-4b9a-9a5d-7b0287bffe2e,Crystal Brown,2026-03-15 23:17:42.291201,Sunday,23,7,Technical,True
57bdee17-e7db-484a-9b8c-2e57c1054076,Ashley Wood,2026-05-04 14:22:22.499159,Monday,14,30,Service,False
a840ae06-b4ed-420f-bf2d-6132ebc8cd6e,Amanda Carpenter,2026-01-04 20:49:04.023853,Sunday,20,8,Service,False
5c5821d9-2ead-4a98-88d9-5fb46adc6f53,Brianna Sheppard,2026-01-07 11:20:38.225141,Wednesday,11,24,Service,False
01eb6b6a-c79e-415f-b471-b9ebd4c7fcd8,Adam Johnson,2026-05-08 01:22:54.008913,Friday,1,17,Service,False
34bd1f2a-40e5-4c4e-b4c5-9114995ac395,Ronald Pierce,2026-03-26 05:11:10.771344,Thursday,5,8,Service,True
71b28912-3f62-4c73-b589-34be4557813e,Peggy Thornton,2026-01-28 22:23:55.695772,Wednesday,22,10,Billing,True
5ccb6c80-e648-469d-b6ac-c49be3bce013,Melissa Moran,2026-03-06 21:44:43.117702,Friday,21,27,Billing,False
aa655534-5aa4-42b1-911f-b1b9a298981d,Julie Miller,2026-01-10 07:54:01.253294,Saturday,7,6,Service,True
76986a25-5a1e-4acf-b296-3834710de554,Mark Murray,2026-01-25 04:59:00.260405,Sunday,4,2,Service,True
478175f8-a4bc-4ed7-952d-3c7e79ca3af6,William Clark,2026-03-30 17:09:42.043002,Monday,17,18,Billing,True
566310cc-72d5-47e6-9531-5a604c1d48e2,Sheri Summers,2026-01-19 16:50:46.324454,Monday,16,45,Service,True
da897df9-120a-4cbf-acc4-ea5981df4d06,Patrick Shields,2026-05-03 11:50:34.596915,Sunday,11,13,Account,True
1a907f9c-ff6d-472b-9268-b775fe05fe7b,Jose Beck,2026-05-06 09:08:30.885551,Wednesday,9,12,Service,False
12976be7-23ef-4bca-a1d4-5c7d253bf2de,Michael Williams,2026-01-28 05:18:46.338425,Wednesday,5,2,Account,True
b71adfdb-af55-41f1-9cb4-71f4ad067f82,Joseph Collins,2026-04-02 05:59:31.723739,Thursday,5,11,Billing,False
9e79c353-fdd5-4a90-bfd6-f77ed3c640c6,Ashley Guerrero,2026-02-02 01:47:13.547984,Monday,1,20,Billing,True
c970ac89-d23c-46b9-8e2d-28605f3d4c84,Jason Black,2026-03-20 06:08:09.578729,Friday,6,13,Technical,True
4b185765-ac95-4ca7-be25-274284b24006,Amber Bird,2026-04-09 16:25:58.615755,Thursday,16,17,Account,True
70f479cd-a4ef-4291-af94-e95391e11ae7,Jonathan Andrade,2026-03-07 09:32:24.568275,Saturday,9,13,Technical,True
7530378d-0959-4896-8e01-958b8db5ace1,John Larson,2026-04-20 05:46:22.681841,Monday,5,12,Service,True
67e313e0-d827-483a-8ffb-74620c323665,Anthony Oliver,2026-01-09 09:28:12.057504,Friday,9,29,Technical,True
87a185d1-e194-4b9b-9b4e-95244e10677b,Matthew Tucker,2026-04-09 12:46:47.011770,Thursday,12,44,Account,True
2d09867e-5d1d-4a9e-8dd2-d3d22b85935c,David Roberts,2026-03-10 15:55:53.265452,Tuesday,15,24,Service,True
905145ed-2e47-4f2d-bdd2-c9111f64e4e7,Janice Banks,2026-01-01 00:59:48.047242,Thursday,0,5,Billing,True
19fb78ab-cea5-4783-92a6-00f4ba026c57,Anne Garcia,2026-02-16 12:17:34.691121,Monday,12,30,Technical,True
7d660549-b806-4f1f-9a58-0ae7866a3f5f,Joseph Brewer,2026-05-01 02:20:46.097012,Friday,2,17,Service,True
d03a8fad-808e-4aa3-8fc3-a131c7ec3649,Isabella Anderson,2026-05-05 03:46:42.725764,Tuesday,3,4,Service,True
960a1f3c-3959-4a2b-8cb6-2a938db50c62,Jennifer Gross,2026-03-28 00:18:09.426978,Saturday,0,14,Service,True
5a04d475-607a-4fc8-a2e7-e67194192167,Nicole Bray,2026-03-25 12:08:44.081127,Wednesday,12,28,Service,False
11f97ac0-2fad-4348-906b-32a4779b5717,Billy Rodriguez,2026-01-29 04:33:27.238181,Thursday,4,2,Billing,True
d904f8fb-af18-4bf7-aeb7-b55dc3522897,Samuel Gray,2026-01-15 17:40:08.466622,Thursday,17,14,Account,False
65243d93-b3a7-4173-a012-108e9ba9bcff,Wanda Smith PhD,2026-02-24 17:45:24.755010,Tuesday,17,15,Technical,False
6519e31e-c964-42e5-9464-9f36fe1bf187,Emily Hubbard,2026-01-02 21:28:37.005276,Friday,21,23,Technical,True
8127cc5d-a23a-43f4-aed0-028960684c3e,Michael Jimenez,2026-04-07 09:56:34.394473,Tuesday,9,39,Service,False
5a991950-3ec0-4d6c-ad4b-f64c2f65b872,Tracy Garza,2026-01-25 05:56:33.501729,Sunday,5,6,Account,True
fcdf1f58-4922-43dd-abe8-2b086c554b5d,Troy Yoder,2026-05-11 04:49:25.348234,Monday,4,24,Billing,False
075c6428-6309-4d3f-ac20-cc3500d90d70,Jonathan George,2026-04-20 08:53:13.403401,Monday,8,16,Account,False
03bcf925-dd91-4cf1-ac1b-b82929057ce4,Howard Dixon,2026-02-10 08:00:47.553379,Tuesday,8,12,Billing,True
b807341d-6fcd-4c7f-b593-be6a9e42602c,Sarah Brown,2026-01-18 12:43:30.079526,Sunday,12,24,Service,True
5dd87c41-7b1b-415b-aa8d-35262adfbfec,Brett Vang,2026-03-02 22:14:28.298850,Monday,22,21,Billing,False
1475f143-ca86-4e8f-ae96-a1609563025d,Emily Jennings,2026-05-12 06:25:24.576358,Tuesday,6,4,Technical,True
912bcdea-0d71-4da5-b6f0-ba799e2a5c3e,Nicole Porter,2026-02-06 19:46:35.762494,Friday,19,28,Service,False
ca19fc53-f3ab-40fc-9a6e-bace1ed37d30,Bonnie Esparza,2026-02-26 04:10:56.377933,Thursday,4,6,Technical,True
157e31f4-e3ce-4ff4-a027-5eb0f0458910,Kathryn Dennis MD,2026-02-05 23:11:49.389574,Thursday,23,5,Billing,True
636a4893-65ee-4775-9307-681b56b66c19,Joshua Rojas,2026-04-03 13:27:09.668073,Friday,13,42,Billing,False
503fdaf3-222b-4337-a873-d2ab1fe25a0c,Nicole Freeman,2026-05-11 00:29:02.860325,Monday,0,7,Technical,False
57a8e7f2-be24-4b70-9432-acb447f355c8,Melissa White,2026-01-23 06:07:36.641875,Friday,6,21,Service,False
b6a9ced8-3f41-41ee-bfe9-82c0961eebb8,Donna Callahan,2026-04-20 23:52:22.697100,Monday,23,11,Service,True
7437c054-5769-4ec4-be66-6b2208f3e70b,Susan Saunders,2026-03-16 09:51:04.282493,Monday,9,56,Technical,True
3587a546-a911-4769-bd2a-c2a2958a0d40,Christopher Shelton,2026-02-01 19:05:22.194710,Sunday,19,14,Account,False
9c55840f-245a-4986-91db-450392475cf7,Candice Holder,2026-04-23 03:25:43.503582,Thursday,3,15,Service,False
7623b9ec-1fa2-4dbf-abb5-c77cc8eb3559,Jessica Jones,2026-01-18 03:24:13.447077,Sunday,3,6,Technical,True
bd3f6ee2-703c-4ef9-9e96-a90913ba5ea3,Joseph Figueroa,2026-02-15 20:24:29.771878,Sunday,20,6,Billing,True
e32157e1-1685-4931-956e-dcbb5ee3c5e9,Willie Hubbard DVM,2026-02-22 12:59:30.659673,Sunday,12,24,Billing,False
0c70f495-21cb-4bdc-8109-494b7bc546f8,Kimberly Fischer,2026-01-29 08:03:31.105811,Thursday,8,6,Service,False
d2b8436b-bc45-41d4-8b97-029817a14626,Derrick Lara,2026-04-30 19:00:08.519670,Thursday,19,14,Account,False
710a96be-d6a5-48ea-9ae4-20849616ad62,Grace Cruz,2026-05-12 04:52:07.076098,Tuesday,4,7,Billing,False
3b3dc113-94c8-4ff7-924c-4433830ed08f,Kimberly Johnson,2026-04-22 17:44:22.381663,Wednesday,17,9,Service,True
e597462d-7cd6-4a54-8a43-e8d0a30e0336,George Johnson,2026-01-14 05:40:36.829703,Wednesday,5,11,Account,False
6e07cb86-4bfc-451d-ba56-03851b583f22,Mark Hernandez,2026-01-12 16:56:29.345024,Monday,16,44,Account,True
0a432dfb-09f1-4682-b23d-80dc2c536533,Mrs. Brandy Garcia,2026-02-10 05:51:28.894902,Tuesday,5,13,Service,False
5a7d5188-5182-48d7-864b-14c18b549a9a,Amanda Barker,2026-04-17 07:21:14.577477,Friday,7,21,Account,False
a41dd584-8619-4a8b-8a44-ed09fe1763ba,Douglas Rhodes,2026-01-16 14:13:25.659673,Friday,14,50,Service,True
9124b6a6-e68b-41ef-ad58-1fa9b80e1f33,Stacy Johnson,2026-01-17 16:02:26.306620,Saturday,16,31,Service,True
85cb7b18-537c-4659-95fc-b36c28494d27,Thomas Norris,2026-05-09 17:40:21.846949,Saturday,17,3,Service,False
70b8c555-d4f8-4cd6-b71d-cbfe65186c5c,Cheryl Wolf,2026-03-01 22:01:18.632673,Sunday,22,4,Service,True
be55cbd4-fafc-4714-88c9-636638c4a60e,Jonathan Scott,2026-04-03 01:43:21.068161,Friday,1,19,Billing,True
52a7b8d4-915f-4c86-865a-de8b350f919d,Patrick Crawford,2026-04-17 17:41:46.579891,Friday,17,16,Account,True
5453db2c-7a11-4b48-97c2-148a88cb98fc,Thomas Wood,2026-04-06 06:30:13.774216,Monday,6,19,Billing,False
fed59038-2a34-4f06-b35a-db373f609120,Diana Martinez,2026-05-01 13:11:08.964373,Friday,13,40,Billing,False
62b897eb-13c8-4b12-b1e4-9ea10a516733,Colton Tate,2026-03-24 10:09:14.960927,Tuesday,10,37,Technical,False
64dd063e-ec46-4eea-b7e5-794eae50a06b,Patrick Schmidt,2026-03-28 03:13:17.296498,Saturday,3,11,Technical,False
67a67272-1d82-4a8e-919e-2c0978536546,James Martin IV,2026-05-01 22:27:16.592017,Friday,22,15,Billing,True
f0642d49-e52d-4ccb-9515-f26292453fd5,Stacey Garcia,2026-03-22 01:19:52.169719,Sunday,1,11,Technical,False
cc6d0a61-05ef-4b1e-9df4-202d3fce079b,Austin Richards,2026-03-06 18:30:38.033665,Friday,18,18,Service,True
4f9d4d43-fbe5-4f3e-8033-b5eb05c3f353,Taylor Jones,2026-05-10 17:21:37.872690,Sunday,17,8,Billing,True
715f62cd-91ba-4d0a-8407-932d0b388d89,Linda Soto,2026-02-09 17:33:22.673812,Monday,17,27,Account,True
d46a7c09-37f3-489c-929e-beebda21763d,Julie Braun,2026-02-11 10:10:06.774861,Wednesday,10,19,Billing,True
245d22ad-d59c-44e1-88dd-33afce6252cd,Beverly Baker,2026-03-19 07:17:45.477957,Thursday,7,6,Technical,True
ac626f2a-2458-430a-b947-5bed3cd678fd,Hector Stewart,2026-02-24 19:08:35.890028,Tuesday,19,4,Billing,True
6237150f-3436-4af3-9e2b-99d949fb5576,Kevin Mann,2026-01-18 09:53:24.433946,Sunday,9,34,Account,False
66597315-6f52-4847-9527-0c805bb74f0f,Michaela Weiss,2026-03-29 19:33:13.317747,Sunday,19,7,Technical,False
4f9b17d5-0909-4fdb-b4cc-f71bbc1f5d0e,Ashley Miles DDS,2026-02-02 20:19:20.321377,Monday,20,19,Account,False
0e00aa51-bac9-4b57-80db-f167144b4409,Janet Ramirez,2026-04-05 07:23:52.063030,Sunday,7,6,Account,True
0f12ad1d-da4d-44f1-bd84-c63be0794e08,Caitlin George,2026-05-15 18:23:58.280968,Friday,18,17,Account,True
19b0df93-8d6d-4c1a-be54-24e1a6e66101,Rodney Mccoy,2026-05-13 00:27:48.669810,Wednesday,0,7,Billing,False
30d733ca-d6c5-43df-bb7c-99369d02504c,David Henry,2026-04-06 23:43:23.433652,Monday,23,13,Service,True
9e116c12-169c-4550-9767-50a0ec77f916,Terri Reynolds,2026-03-12 00:58:49.722889,Thursday,0,9,Service,True
77a9ff56-de23-4d92-9a63-94ef86cee432,Melissa Franco,2026-05-11 06:51:48.950755,Monday,6,11,Account,False
13694519-a607-4480-8a27-bdbd60dd840e,Alyssa Harris,2026-05-15 16:10:55.074148,Friday,16,43,Billing,False
74488684-b154-424a-9954-b005cd20c662,Devin Chung,2026-01-21 23:24:35.324094,Wednesday,23,13,Technical,False
e0a8870a-084f-4983-97f4-c1b72812d67f,Donald Ray,2026-03-01 14:09:25.318319,Sunday,14,14,Billing,False
3ccfc992-93d1-4723-80ea-6c1698fd430d,Stephanie Hale,2026-02-25 09:50:30.589563,Wednesday,9,33,Account,False
8bafab35-c771-4f30-a68a-dd8522a6adbc,Thomas Bailey,2026-05-18 02:24:52.221334,Monday,2,19,Account,True
eb283ad9-c040-406d-bd1c-13f5ae6fcc81,Mrs. Denise Meadows,2026-01-19 23:18:50.921951,Monday,23,10,Technical,False
0a7959cb-6288-46af-990a-4c5ff859c0a8,Michelle Jones,2026-05-16 15:12:42.697525,Saturday,15,41,Service,False
a2e31444-05cb-4913-b24b-b880d80e84bc,Lynn Campbell,2026-01-28 23:28:49.006578,Wednesday,23,7,Account,True
0a62d6de-412d-4578-bcb8-8c6a32090638,Luis Lopez,2026-03-13 21:59:59.759978,Friday,21,25,Billing,True
d725ad12-a74d-444c-8654-c4ecacc284f6,Holly Steele,2026-01-25 05:36:12.973747,Sunday,5,9,Billing,False
e532d448-88af-439e-bb2a-d2782d893c5a,Phillip Patel,2026-04-20 03:46:18.483573,Monday,3,24,Service,True
a948a686-69f2-41ae-8a55-320f5445c560,Jonathan Ramirez,2026-05-08 15:58:29.969059,Friday,15,46,Technical,False
2f1c37b9-5ab5-476b-90c8-dc852bf97260,Isabella Acosta,2026-05-06 04:56:59.553667,Wednesday,4,12,Account,False
b0507ec0-ba57-420c-a2a1-d6ee9863608e,William Dixon,2026-03-27 08:34:36.292362,Friday,8,16,Billing,False
374b3172-e913-42c9-88ee-8d9da035d6d5,Allen Davis,2026-04-19 20:56:27.375409,Sunday,20,6,Billing,True
9d1e963d-0453-4ad1-9511-d93a935ed5f0,Matthew White,2026-03-11 22:59:26.235673,Wednesday,22,7,Service,True
3c65c4fb-5801-4e6e-b57a-8c0819303774,Raymond Herring,2026-01-11 11:39:40.977538,Sunday,11,15,Technical,False
6dbf9bdf-8c09-4382-a3d6-676ba127728f,Trevor Ramos,2026-04-02 19:14:41.867037,Thursday,19,11,Account,False
dd16c7ee-7b9f-45d8-aabf-c617ac9c52fe,Paul Rodriguez,2026-02-04 19:18:59.231751,Wednesday,19,15,Technical,False
d3ff95d7-c69e-49dc-8195-fe6bbcc57cde,Richard Smith,2026-02-26 23:05:54.834508,Thursday,23,13,Service,True
5cefc57f-36f5-4e56-bac1-468c51869912,Lindsey Kennedy,2026-03-20 17:32:33.073676,Friday,17,21,Service,True
9024eecd-a6ff-4336-bc6e-32029d546c66,Howard Curtis,2026-02-17 02:46:43.626014,Tuesday,2,4,Service,False
876f2f2d-69ac-430e-bc27-ca150078fce4,Laura Clark,2026-01-27 08:54:16.962088,Tuesday,8,11,Billing,True
69745c4b-75f8-45a9-9ef0-74156c9911b0,Mr. Kevin Combs V,2026-05-09 18:20:17.772462,Saturday,18,3,Account,True
8b19ab7b-2c62-48c1-aafe-2a07093953e9,Ms. Laura Gray,2026-01-31 22:30:04.529034,Saturday,22,4,Billing,True
85e85356-840c-4df9-b330-e95236eefda3,Gary Davidson,2026-02-07 09:28:09.590962,Saturday,9,38,Account,True
e74e988f-1387-4983-beaa-9ae8b560e8aa,Kristina Palmer,2026-02-12 21:28:05.671707,Thursday,21,14,Account,False
da4ffd7e-c74b-4ede-81ad-b37b8b8cf137,Anthony Johnston,2026-04-04 11:09:26.378917,Saturday,11,19,Account,True
bb169845-f9c9-46a1-b553-0fbbd05e2b89,Tommy Carter,2026-03-02 09:14:49.505392,Monday,9,35,Billing,False
72323e78-7080-4d08-9864-673417da89b6,Kevin Pierce,2026-04-19 15:13:44.644124,Sunday,15,26,Account,True
47d41d79-eec2-4f63-bb72-9cc699b7ab70,David Powell,2026-01-06 14:18:03.322439,Tuesday,14,45,Service,True
4f181b97-bb50-4601-957d-194085dcc4f5,Scott Anderson,2026-04-10 03:12:56.617363,Friday,3,24,Account,True
1b424dcc-19c0-4285-9ca0-ef5090ca43f8,Aaron Carroll,2026-04-07 02:31:34.657611,Tuesday,2,2,Billing,True
c4a089f2-76e4-439f-a2f2-e7f6048c0914,Theresa Quinn,2026-05-12 17:12:08.180917,Tuesday,17,7,Billing,True
23e9f663-1fc6-4bab-8439-c611ee2f9594,Ryan Garcia,2026-05-04 17:10:35.073470,Monday,17,11,Account,True
389ad63f-a034-40e4-843e-915fe8bd4bed,Mrs. Heather Woods MD,2026-01-08 00:01:08.834329,Thursday,0,6,Technical,False
352ab1b2-6743-40cf-9b5c-e09864057534,Jordan Lopez,2026-03-24 09:44:40.707206,Tuesday,9,32,Technical,False
0d1ccf5d-656a-44a4-a226-14df0b96b2a7,Brandy Washington,2026-03-20 07:47:55.821181,Friday,7,28,Billing,True
126d0353-f8e3-4144-9cc7-9d6aeefa1ee6,Travis Guzman,2026-01-31 11:01:39.805686,Saturday,11,34,Account,False
0e1ea81e-de76-4898-85a3-1f2deaa276d1,William Cole,2026-03-12 14:03:56.426426,Thursday,14,15,Billing,True
e679f4f9-fdd9-44c0-aa4c-04d4e660ec70,Troy Coleman,2026-02-23 18:25:45.976189,Monday,18,27,Service,True
eef52539-f45f-4c15-a59d-a8e076c4e1e1,Ashley Campbell,2026-01-28 14:15:48.047418,Wednesday,14,13,Service,False
9307e9f8-d57e-4bcc-a3d8-abe7127b2c0f,Tina Morgan,2026-03-29 01:02:39.115541,Sunday,1,10,Billing,False
d122b841-0dca-4ff1-b2d3-0607fbeda1c4,Brittney Barker,2026-04-11 00:33:04.434693,Saturday,0,11,Billing,False
26e2c9f6-361f-4eee-a772-3d1c1d337195,Sophia Nguyen,2026-02-05 01:07:10.409208,Thursday,1,11,Account,False
e5634a6c-72ab-46b6-8e13-7cc63be6b7e3,James Dorsey,2026-05-17 00:58:40.598202,Sunday,0,12,Account,True
1937e83e-cdcc-4dd6-87ef-870963ec2d99,Caleb Glover,2026-04-29 18:46:59.237587,Wednesday,18,2,Technical,True
98c50ac8-0c5b-4c5d-a367-15659db17233,Kathy Ramsey,2026-04-01 08:37:02.661219,Wednesday,8,3,Service,False
f64f6d35-981b-42d8-8f02-e86fa4143682,Patricia Anderson,2026-01-28 18:33:12.263005,Wednesday,18,5,Technical,False
38dd72f2-a53f-439f-8bc4-d64d1f192940,Ryan Diaz,2026-01-11 02:00:18.465347,Sunday,2,10,Service,True
ca015f26-678d-435b-9ac7-13f85e568c8a,Bob Morton,2026-03-30 22:19:42.533162,Monday,22,20,Service,True
590df580-fca4-460e-b709-c7a73610e1b3,Brett Hall,2026-04-06 04:12:08.497523,Monday,4,13,Technical,False
1e7561a7-94ec-44dd-9c97-4f37e62c26da,Keith Johnson,2026-03-29 02:45:30.912008,Sunday,2,11,Billing,True
3de53521-115c-459f-9bb8-ce845efbba2e,Lori Vaughn,2026-02-04 21:28:26.164231,Wednesday,21,2,Account,True
25a273b0-b67a-48c9-976a-bc3801019322,Kathy Camacho,2026-03-01 12:33:51.270926,Sunday,12,21,Account,False
6f9b5575-892a-4fdd-ba5f-f4b7826f484e,Brian Hebert,2026-02-28 02:42:35.947415,Saturday,2,5,Service,False
7196aba3-464b-4c08-846f-719bacd615ba,Aaron Johnson,2026-05-02 18:56:26.654710,Saturday,18,15,Service,False
a1de2e05-2c6f-449d-a21f-306d081f2d39,Christina Hatfield,2026-04-04 08:54:52.317715,Saturday,8,3,Service,True
7d05e588-3f40-4f89-aebc-403541f5b6d8,Lori Ellis,2026-03-27 03:55:31.425176,Friday,3,15,Technical,True
099fa5ff-7c04-4ac4-b2ab-bec1f2037ac9,Matthew Hensley,2026-03-04 16:22:39.452536,Wednesday,16,27,Billing,False
359ff276-e3fb-4086-b97a-9c761d0420f0,Stephanie Payne,2026-05-14 03:48:02.218768,Thursday,3,15,Billing,False
c00c1bae-6d5c-4cb7-aabe-e3a0212529c3,Vanessa Kelly,2026-03-29 07:35:31.385979,Sunday,7,13,Technical,True
884a654e-5074-44d9-a8cc-22c859ac914d,Gabriel Hart,2026-01-09 04:26:47.895684,Friday,4,16,Service,True
4cd9b729-d5d1-4ca1-8313-3f2bd59e53e4,Guy Thompson,2026-05-11 15:38:28.090297,Monday,15,32,Technical,False
ab83a0bc-9dd7-4fab-ac7f-67c86c8b360f,Kristy Newton,2026-03-12 14:28:36.827329,Thursday,14,40,Service,True
dc06fdab-2504-4428-98d0-a3fd427bbf29,Alan Ho,2026-01-08 18:06:08.263338,Thursday,18,13,Billing,True
a60fadc3-14a5-4726-aa1d-649f6bdca515,Jennifer Johnson,2026-03-05 18:33:33.128147,Thursday,18,15,Billing,True
a28358bf-4880-4ae4-bb8f-7ea1e5d0e20f,Charles Anderson,2026-02-26 11:13:16.275683,Thursday,11,36,Account,False
ae203736-ec4e-40d0-bf4f-a9e015587538,Stephanie Miller,2026-01-21 12:07:26.308984,Wednesday,12,12,Technical,True
ebe07ce1-5cd0-40ce-a862-ed453a57ddd8,Corey Robbins DDS,2026-03-28 20:33:36.346171,Saturday,20,6,Technical,False
28b005a2-1db4-4834-b631-2d8cd22be487,Stephanie Lambert,2026-01-01 01:54:35.934762,Thursday,1,9,Account,True
0e21c0ce-3b69-4997-8f12-3f8c4b02cde4,Lori Jenkins,2026-01-18 21:21:36.508870,Sunday,21,12,Technical,False
bbcb5cd5-d6b1-4ede-8698-cedda6dbbc6b,Eric Silva,2026-03-28 21:05:20.083360,Saturday,21,11,Billing,True
4337beda-07b0-4b79-9b32-8484c10cfd15,Cassie Shepherd,2026-02-02 05:29:54.822852,Monday,5,22,Service,True
fd7d78fc-0798-4ab2-b6a4-08584d4ce11d,Morgan Evans,2026-01-04 06:56:25.947721,Sunday,6,13,Technical,False
a3cb4b31-d855-4321-9776-ced4a4f17168,Michael Frank,2026-04-23 01:16:14.144887,Thursday,1,6,Service,True
6ec4dc51-1b73-42e6-97ac-38a1ca50600e,Anthony Lopez,2026-03-11 02:10:38.178666,Wednesday,2,3,Technical,False
30cea148-de44-4af8-a266-946548d3ebd3,David Hooper,2026-04-24 05:05:26.388537,Friday,5,14,Service,True
d313cdd1-1e25-4186-80d6-ea7737b22583,Linda Cisneros,2026-03-04 14:35:27.011299,Wednesday,14,38,Technical,True
704d083a-931d-444b-8310-4dcd282c6c33,Jonathan Chavez,2026-01-16 23:32:21.684557,Friday,23,22,Technical,True
231a5fe3-2858-4aff-9957-7ca86805543b,Katie Marshall,2026-05-15 20:18:52.443125,Friday,20,14,Service,False
893fa316-84d1-4c05-92ce-ba7a7415a969,Maria Powell,2026-02-13 14:35:39.580090,Friday,14,44,Account,False
b0101c8d-0e5d-4644-aa1a-5be35e2bd218,Jeffrey Harper,2026-01-22 03:49:38.236079,Thursday,3,9,Account,True
aee3e5ce-3684-409c-a245-7dde5a04b983,Courtney Nielsen DVM,2026-04-07 05:49:58.662543,Tuesday,5,6,Account,True
6d7bfd48-fe0c-4f37-b730-4e0cbbe30a73,Johnny Thomas,2026-02-18 13:02:59.314228,Wednesday,13,24,Billing,True
37e0683e-a69e-46d6-89a3-97ab7a346c90,Thomas Cooper,2026-02-27 12:15:38.384252,Friday,12,35,Service,False
cf3f4671-e536-43ad-b9eb-54b908a49f40,Christopher Smith,2026-04-15 22:31:49.715641,Wednesday,22,7,Technical,True
c0154a88-aa83-423f-9878-7a4ce291a0db,Destiny Smith,2026-05-04 03:41:19.535283,Monday,3,22,Billing,True
ba67d2b9-4c8b-4602-b104-e393e6b12163,Christopher Johnson,2026-02-21 02:00:35.208051,Saturday,2,2,Account,True
fc4542d4-7366-46e8-8597-eb4785db3c15,Edward Trevino,2026-01-22 11:39:36.207183,Thursday,11,36,Billing,True
0aff3633-90ba-4a8b-acaf-790828f2910d,Stacey Campbell,2026-02-07 19:01:07.597825,Saturday,19,6,Account,False
cae48881-e148-4d83-8f80-d85f288e03c4,Evan Norton,2026-02-02 03:03:49.110488,Monday,3,19,Technical,True
1cbbe85a-e2a8-43e9-9e8d-dce1afdbaf18,Erin Duran,2026-04-10 07:59:20.690747,Friday,7,14,Account,False
79344a6d-5607-4352-97e1-15b8935cc459,Charles Duncan,2026-05-07 01:12:23.775197,Thursday,1,7,Service,True
470d07a0-5f4a-489e-a1f4-1d3f009fde95,Lisa Romero,2026-02-01 21:15:48.748949,Sunday,21,15,Technical,True
f1b70108-4ab7-404f-86ed-80100d07da84,Sandra Kelly,2026-04-15 04:01:52.191818,Wednesday,4,14,Account,True
8e1e83d9-8752-4391-a15b-fea8039809e6,Jason Medina,2026-05-02 06:50:03.085502,Saturday,6,10,Service,True
d040e3fc-9a50-4718-b221-acb8cf65ea8c,Andrea Johnson,2026-04-28 12:25:42.775636,Tuesday,12,43,Technical,True
f6852918-a314-427e-a05d-008300fde348,Casey Moore,2026-04-24 14:20:12.466450,Friday,14,44,Service,False
d6195b2d-396b-4af4-a95b-04adb1add44e,Kristi Hampton,2026-04-12 18:55:27.142891,Sunday,18,7,Billing,False
5b4b3ce4-6830-4f48-af08-6461dc9fd6cf,Kristin Wright,2026-01-19 08:41:48.241680,Monday,8,30,Service,False
9eb696cd-9429-4622-864d-d2099850db63,Madeline Bryant,2026-05-05 08:47:00.308851,Tuesday,8,3,Service,True
aef4ded5-3e26-4873-b647-fbbcb4344bec,Chelsea Yoder,2026-03-22 19:04:22.802073,Sunday,19,8,Technical,False
52e09d1c-cfd7-4fb7-a3ce-7cfaed3b78cc,Ian Colon,2026-02-04 08:46:33.649986,Wednesday,8,15,Billing,True
77768e66-3f32-493b-b26f-0688f9531a4d,Matthew Humphrey,2026-02-22 18:53:23.819407,Sunday,18,10,Billing,True
60e61b67-97b5-45ce-92b1-28dc4b06bec3,Steven Lee,2026-03-25 03:22:31.801882,Wednesday,3,9,Service,False
991f0335-188f-4b72-ab87-9efd2b8a85e3,Nathan Edwards,2026-03-29 20:51:47.465354,Sunday,20,5,Service,True
aefe913d-4f57-478a-bdab-4ebebda85c3a,Marc James,2026-04-27 06:07:59.103970,Monday,6,26,Account,False
82d3db0d-a9bc-4a0c-92fe-9eaf526daf7f,Jessica Rose,2026-05-11 04:20:02.569105,Monday,4,13,Service,False
d429618d-20a3-418a-8433-28221574d307,Edgar Watkins,2026-01-15 02:08:28.740616,Thursday,2,8,Technical,True
e3e4a783-85f1-45a1-960d-13396738a2c2,Carla Adams,2026-02-08 01:58:42.908533,Sunday,1,4,Service,True
c2b83e50-2dae-48c2-a247-80f06d343521,Jean Mcdonald,2026-01-18 16:51:09.176891,Sunday,16,43,Technical,False
49e6f3cd-33cc-4902-ab06-c014e815ae51,Michael Jordan,2026-04-04 04:43:30.426365,Saturday,4,10,Billing,False
06311fd5-d0ff-4b62-9d54-9f64d8b315c0,James Hicks,2026-04-20 20:05:23.597628,Monday,20,21,Billing,False
8c975717-3b4c-430d-8033-26f35bf65e8f,Dr. Amy Figueroa,2026-02-10 21:43:02.022926,Tuesday,21,2,Billing,False
9effc46d-eef5-4718-9188-980c3e51d336,Mr. Curtis Webb,2026-01-23 16:45:13.978106,Friday,16,39,Billing,True
48c4cf67-06ef-40a6-b288-a3a382824606,Charles Lucas,2026-04-26 09:57:52.804294,Sunday,9,39,Technical,False
8eceff7f-1e90-4764-989d-91da05e3b202,Alexander West,2026-02-11 03:00:05.560881,Wednesday,3,13,Billing,False
644566d7-172f-4d8e-93da-fe240a6a2676,Taylor Barnett,2026-01-04 08:18:43.979152,Sunday,8,11,Billing,False
4c42a026-4ad6-414a-9a72-11af2e77e3a9,Daniel Davis MD,2026-03-30 06:58:20.932527,Monday,6,23,Billing,True
67128ca5-1f70-4f6c-8341-2ac3792d0a2c,Patrick Khan,2026-05-06 09:59:05.300740,Wednesday,9,41,Billing,False
d4fd6f57-d9a2-4153-beed-c5e98a50386c,Phyllis Stewart,2026-01-05 10:14:48.459146,Monday,10,42,Billing,False
ae8dbd53-3fa0-45a6-8b71-1beed1c8b151,Dustin Lucas,2026-04-01 04:33:34.076233,Wednesday,4,14,Billing,False
e4f3cfa1-72c5-4627-91e6-0cdbdee4e34b,Denise Bailey,2026-01-05 17:47:56.548548,Monday,17,12,Service,True
79594841-1586-4e4b-999f-a89b91416bbd,Nicole Jones,2026-03-13 23:23:36.612512,Friday,23,18,Billing,True
f84b3a80-e1b6-4cad-b6b4-681ce0d244f8,Krista Carter,2026-03-24 22:32:34.650404,Tuesday,22,15,Billing,False
066dcd5e-dd9c-4c96-a2dc-4a712fd5adc0,Rita Day,2026-01-15 11:17:53.461641,Thursday,11,45,Account,True
034d4cf0-472a-4513-913b-b532d16e08a4,Amber Cox,2026-02-23 16:02:27.179251,Monday,16,37,Technical,True
0bff1062-b915-4fcb-a8cd-5e17a20b838e,Alexander Douglas,2026-01-26 00:19:19.585321,Monday,0,16,Account,True
9a1ac86c-2305-44b4-906b-6c8fb8245e73,Craig Wong,2026-03-07 07:19:49.947967,Saturday,7,4,Technical,True
eb067f87-8910-45d8-80b8-cd293b1c9044,Kathy Beck,2026-05-08 15:39:13.402756,Friday,15,27,Service,True
f636a169-eb8e-4837-abf1-bc784485a974,Kelly Harris,2026-02-09 13:09:19.463739,Monday,13,25,Billing,True
f725619c-c1f6-470e-a6dc-1f5f1bb5bfa1,Rodney Kirby,2026-02-06 20:16:30.876595,Friday,20,18,Account,False
8c89d697-7695-489f-a5f6-1294e8964f2b,Connie Simmons,2026-02-03 01:51:00.666307,Tuesday,1,6,Technical,False
ccbd9f6e-dff5-49cb-a2fe-be8a6c54bca8,Frank Garcia,2026-05-11 14:18:02.515921,Monday,14,44,Billing,True
83628df8-60f3-4321-a52e-3b986254906e,Allen Bond,2026-02-08 10:47:56.879073,Sunday,10,38,Technical,True
776b3efb-6245-4618-a9cf-5084c6e58e7b,Jerry Kim,2026-03-01 10:01:57.413944,Sunday,10,31,Technical,True
00909d25-39a5-4c20-a59e-177ba510064b,Charles Graham,2026-04-18 22:26:28.380316,Saturday,22,10,Billing,True
ccff1f99-b9d2-495a-8dad-23212bb90e3a,James Morales,2026-02-23 22:34:35.500731,Monday,22,14,Service,True
9712332d-9999-43f9-a8f0-b8d13230d21d,Christopher Lane,2026-04-24 13:53:25.837834,Friday,13,32,Account,False
ddb8a439-4542-4ce5-a140-c7bf5c6b6503,Jennifer Lewis,2026-05-04 06:47:32.548950,Monday,6,29,Technical,True
25f6fa88-979a-4c12-9a2c-42d119f4c3ca,Christina Robertson,2026-03-08 09:01:31.669052,Sunday,9,39,Technical,True
01cc9b8e-8ad3-4fcb-a4bf-0ee48bd2f147,Dennis Chaney,2026-02-09 07:23:46.821635,Monday,7,23,Account,True
9894289a-62f9-46c2-b7b9-3769f724b641,Nichole Travis,2026-04-28 14:48:45.853260,Tuesday,14,37,Technical,False
48cddd14-22bd-4f77-83a6-ffc6c0302bf4,Ryan Wells,2026-03-31 15:59:24.794028,Tuesday,15,17,Account,True
8604274b-8b04-4aaa-b15f-273aa2841ede,Ronald Mcguire,2026-01-27 16:16:07.642865,Tuesday,16,44,Account,True
8c02d93c-cabb-4909-a311-b9a781d7e711,Elizabeth Garcia,2026-04-27 02:06:44.954703,Monday,2,18,Service,False
f96fe419-a4ec-418b-9792-c306c5f615b9,Stephen King,2026-04-29 13:37:47.618236,Wednesday,13,26,Service,True
a360785a-816e-496c-bccd-d9d7f32b5d74,Jonathan Washington,2026-05-11 18:31:10.704377,Monday,18,16,Billing,True
bf58fb72-662c-4858-8c1d-a334a29afc41,Joshua Sanders,2026-03-19 04:38:47.140698,Thursday,4,11,Billing,True
0accc8cb-51c2-4a56-86dc-1c50b5c1a230,Marcus Thompson,2026-01-06 06:45:06.767023,Tuesday,6,2,Billing,True
e9819278-1bc1-4009-b811-fd47f4f204bf,John White,2026-01-19 11:00:49.385621,Monday,11,49,Account,True
21646cc8-7ff7-49fc-baba-4d39c31ad00a,Shelly Ryan,2026-01-30 12:50:38.265193,Friday,12,24,Billing,False
d284c068-c988-448c-9782-4aa577d10c74,Kristen Ray,2026-01-28 03:59:35.136112,Wednesday,3,2,Service,True
58c1ba4c-fd4e-4851-a95e-24ea1bc3701a,Mr. Ryan Cross,2026-02-26 23:06:39.011516,Thursday,23,8,Service,False
501f0483-72d4-4e35-94f2-b8644a12dcc5,Shane Burns,2026-01-18 15:51:48.990942,Sunday,15,14,Account,False
34ad69fd-219b-48d7-b107-0892dfa34b1d,James Stone MD,2026-01-16 08:22:49.256775,Friday,8,21,Account,False
4475899f-078b-48c9-95cd-b556f13bf6b3,Cheryl Simpson,2026-04-23 05:10:42.931023,Thursday,5,2,Billing,True
a559962e-41ca-4da7-8f79-c771b1ca0c40,Daniel Wood,2026-01-13 22:56:11.819178,Tuesday,22,6,Technical,True
dbf0744b-d2ad-4525-9ef9-1905035b06bb,Destiny Parks,2026-03-19 09:53:43.649614,Thursday,9,27,Technical,True
2a790d44-3e66-46f3-886d-7e0799519433,Andrew Brooks,2026-04-06 04:21:05.223790,Monday,4,25,Technical,False
0d257bba-c4c2-46bc-a2e9-2c9d2e239566,Deborah Massey,2026-02-24 08:04:51.997696,Tuesday,8,15,Account,False
069beb57-26da-4829-b5f3-a2f46060a2e4,Jonathan Martinez,2026-01-10 03:44:06.205188,Saturday,3,7,Service,False
aff15c92-ed26-45d1-a5d0-c8e383394c09,Mary Horton,2026-04-21 20:10:58.048795,Tuesday,20,9,Service,False
a58c76a4-27a4-4013-b1e4-810cc1a35033,Heather Soto,2026-02-27 04:18:55.532425,Friday,4,12,Account,False
